"","times","variable","value","sensor"
"1",2015-11-10 04:40:10,"temp",21.3723468780518,"Tag3"
"2",2015-11-10 04:41:00,"temp",21.3830718994141,"Tag3"
"3",2015-11-10 04:41:59,"temp",21.3937969207764,"Tag3"
"4",2015-11-10 04:43:01,"temp",21.3830718994141,"Tag3"
"5",2015-11-10 04:44:01,"temp",21.3723468780518,"Tag3"
"6",2015-11-10 04:44:53,"temp",21.3830718994141,"Tag3"
"7",2015-11-10 04:45:52,"temp",21.3723468780518,"Tag3"
"8",2015-11-10 04:46:39,"temp",21.3723468780518,"Tag3"
"9",2015-11-10 04:47:37,"temp",21.3830718994141,"Tag3"
"10",2015-11-10 04:48:37,"temp",21.3830718994141,"Tag3"
"11",2015-11-10 04:49:37,"temp",21.3830718994141,"Tag3"
"12",2015-11-10 04:50:38,"temp",21.3723468780518,"Tag3"
"13",2015-11-10 04:51:35,"temp",21.3723468780518,"Tag3"
"14",2015-11-10 04:52:37,"temp",21.3723468780518,"Tag3"
"15",2015-11-10 04:53:35,"temp",21.3723468780518,"Tag3"
"16",2015-11-10 04:54:38,"temp",21.3723468780518,"Tag3"
"17",2015-11-10 04:55:40,"temp",21.3723468780518,"Tag3"
"18",2015-11-10 04:56:38,"temp",21.3830718994141,"Tag3"
"19",2015-11-10 04:57:41,"temp",21.3830718994141,"Tag3"
"20",2015-11-10 04:58:43,"temp",21.3723468780518,"Tag3"
"21",2015-11-10 04:59:31,"temp",21.3723468780518,"Tag3"
"22",2015-11-10 05:00:25,"temp",21.3723468780518,"Tag3"
"23",2015-11-10 05:01:18,"temp",21.3723468780518,"Tag3"
"24",2015-11-10 05:02:18,"temp",21.3723468780518,"Tag3"
"25",2015-11-10 05:03:21,"temp",21.3616218566895,"Tag3"
"26",2015-11-10 05:04:14,"temp",21.3616218566895,"Tag3"
"27",2015-11-10 05:05:15,"temp",21.3616218566895,"Tag3"
"28",2015-11-10 05:05:59,"temp",21.3616218566895,"Tag3"
"29",2015-11-10 05:07:02,"temp",21.3723468780518,"Tag3"
"30",2015-11-10 05:07:57,"temp",21.3723468780518,"Tag3"
"31",2015-11-10 05:08:56,"temp",21.3616218566895,"Tag3"
"32",2015-11-10 05:09:55,"temp",21.3723468780518,"Tag3"
"33",2015-11-10 05:10:56,"temp",21.3616218566895,"Tag3"
"34",2015-11-10 05:11:55,"temp",21.3616218566895,"Tag3"
"35",2015-11-10 05:12:57,"temp",21.3723468780518,"Tag3"
"36",2015-11-10 05:13:54,"temp",21.3616218566895,"Tag3"
"37",2015-11-10 05:14:46,"temp",21.3616218566895,"Tag3"
"38",2015-11-10 05:15:41,"temp",21.3830718994141,"Tag3"
"39",2015-11-10 05:16:42,"temp",21.3723468780518,"Tag3"
"40",2015-11-10 05:17:42,"temp",21.3723468780518,"Tag3"
"41",2015-11-10 05:18:44,"temp",21.3723468780518,"Tag3"
"42",2015-11-10 05:19:47,"temp",21.3616218566895,"Tag3"
"43",2015-11-10 05:20:48,"temp",21.3616218566895,"Tag3"
"44",2015-11-10 05:21:44,"temp",21.3616218566895,"Tag3"
"45",2015-11-10 05:22:44,"temp",21.3616218566895,"Tag3"
"46",2015-11-10 05:23:43,"temp",21.3616218566895,"Tag3"
"47",2015-11-10 05:24:38,"temp",21.3616218566895,"Tag3"
"48",2015-11-10 05:25:41,"temp",21.3616218566895,"Tag3"
"49",2015-11-10 05:26:37,"temp",21.3723468780518,"Tag3"
"50",2015-11-10 05:27:38,"temp",21.3723468780518,"Tag3"
"51",2015-11-10 05:28:37,"temp",21.3616218566895,"Tag3"
"52",2015-11-10 05:29:28,"temp",21.3508968353271,"Tag3"
"53",2015-11-10 05:30:15,"temp",21.3508968353271,"Tag3"
"54",2015-11-10 05:31:18,"temp",21.3401718139648,"Tag3"
"55",2015-11-10 05:32:19,"temp",21.3508968353271,"Tag3"
"56",2015-11-10 05:33:12,"temp",21.3616218566895,"Tag3"
"57",2015-11-10 05:34:13,"temp",21.3616218566895,"Tag3"
"58",2015-11-10 05:35:16,"temp",21.3508968353271,"Tag3"
"59",2015-11-10 05:36:18,"temp",21.3508968353271,"Tag3"
"60",2015-11-10 05:37:20,"temp",21.3616218566895,"Tag3"
"61",2015-11-10 05:38:13,"temp",21.3508968353271,"Tag3"
"62",2015-11-10 05:39:10,"temp",21.3616218566895,"Tag3"
"63",2015-11-10 05:40:08,"temp",21.3508968353271,"Tag3"
"64",2015-11-10 05:41:11,"temp",21.3616218566895,"Tag3"
"65",2015-11-10 05:41:52,"temp",21.3616218566895,"Tag3"
"66",2015-11-10 05:42:48,"temp",21.3616218566895,"Tag3"
"67",2015-11-10 05:43:43,"temp",21.3508968353271,"Tag3"
"68",2015-11-10 05:44:39,"temp",21.3508968353271,"Tag3"
"69",2015-11-10 05:45:42,"temp",21.3508968353271,"Tag3"
"70",2015-11-10 05:46:43,"temp",21.3508968353271,"Tag3"
"71",2015-11-10 05:47:36,"temp",21.3508968353271,"Tag3"
"72",2015-11-10 05:48:33,"temp",21.3508968353271,"Tag3"
"73",2015-11-10 05:49:35,"temp",21.3508968353271,"Tag3"
"74",2015-11-10 05:50:37,"temp",21.3508968353271,"Tag3"
"75",2015-11-10 05:51:37,"temp",21.3508968353271,"Tag3"
"76",2015-11-10 05:52:31,"temp",21.3401718139648,"Tag3"
"77",2015-11-10 05:53:34,"temp",21.3508968353271,"Tag3"
"78",2015-11-10 05:54:30,"temp",21.3401718139648,"Tag3"
"79",2015-11-10 05:55:29,"temp",21.3508968353271,"Tag3"
"80",2015-11-10 05:56:31,"temp",21.3401718139648,"Tag3"
"81",2015-11-10 05:57:09,"temp",21.3508968353271,"Tag3"
"82",2015-11-10 05:58:12,"temp",21.3508968353271,"Tag3"
"83",2015-11-10 05:59:05,"temp",21.3401718139648,"Tag3"
"84",2015-11-10 06:00:08,"temp",21.3508968353271,"Tag3"
"85",2015-11-10 06:01:01,"temp",21.3616218566895,"Tag3"
"86",2015-11-10 06:02:02,"temp",21.3508968353271,"Tag3"
"87",2015-11-10 06:03:05,"temp",21.3401718139648,"Tag3"
"88",2015-11-10 06:04:01,"temp",21.3401718139648,"Tag3"
"89",2015-11-10 06:04:56,"temp",21.3401718139648,"Tag3"
"90",2015-11-10 06:05:56,"temp",21.3401718139648,"Tag3"
"91",2015-11-10 06:06:45,"temp",21.3508968353271,"Tag3"
"92",2015-11-10 06:07:40,"temp",21.3508968353271,"Tag3"
"93",2015-11-10 06:08:30,"temp",21.3508968353271,"Tag3"
"94",2015-11-10 06:09:27,"temp",21.3401718139648,"Tag3"
"95",2015-11-10 06:10:15,"temp",21.3401718139648,"Tag3"
"96",2015-11-10 06:11:18,"temp",21.3508968353271,"Tag3"
"97",2015-11-10 06:12:14,"temp",21.3401718139648,"Tag3"
"98",2015-11-10 06:13:15,"temp",21.3294448852539,"Tag3"
"99",2015-11-10 06:14:17,"temp",21.3401718139648,"Tag3"
"100",2015-11-10 06:15:05,"temp",21.3294448852539,"Tag3"
"101",2015-11-10 06:16:07,"temp",21.3401718139648,"Tag3"
"102",2015-11-10 06:17:02,"temp",21.3508968353271,"Tag3"
"103",2015-11-10 06:18:05,"temp",21.3401718139648,"Tag3"
"104",2015-11-10 06:19:02,"temp",21.3401718139648,"Tag3"
"105",2015-11-10 06:20:01,"temp",21.3401718139648,"Tag3"
"106",2015-11-10 06:20:55,"temp",21.3401718139648,"Tag3"
"107",2015-11-10 06:21:55,"temp",21.3401718139648,"Tag3"
"108",2015-11-10 06:22:47,"temp",21.3401718139648,"Tag3"
"109",2015-11-10 06:23:41,"temp",21.3401718139648,"Tag3"
"110",2015-11-10 06:24:43,"temp",21.3294448852539,"Tag3"
"111",2015-11-10 06:25:40,"temp",21.3508968353271,"Tag3"
"112",2015-11-10 06:26:42,"temp",21.3508968353271,"Tag3"
"113",2015-11-10 06:27:45,"temp",21.3294448852539,"Tag3"
"114",2015-11-10 06:28:48,"temp",21.3294448852539,"Tag3"
"115",2015-11-10 06:29:45,"temp",21.3401718139648,"Tag3"
"116",2015-11-10 06:30:47,"temp",21.3294448852539,"Tag3"
"117",2015-11-10 06:31:46,"temp",21.3294448852539,"Tag3"
"118",2015-11-10 06:32:38,"temp",21.3294448852539,"Tag3"
"119",2015-11-10 06:33:31,"temp",21.3401718139648,"Tag3"
"120",2015-11-10 06:34:33,"temp",21.3294448852539,"Tag3"
"121",2015-11-10 06:35:37,"temp",21.3401718139648,"Tag3"
"122",2015-11-10 06:36:02,"temp",21.3401718139648,"Tag3"
"123",2015-11-10 06:36:38,"temp",21.3294448852539,"Tag3"
"124",2015-11-10 06:36:39,"temp",21.3294448852539,"Tag3"
"125",2015-11-10 06:37:16,"temp",21.3294448852539,"Tag3"
"126",2015-11-10 06:38:14,"temp",21.3401718139648,"Tag3"
"127",2015-11-10 06:39:14,"temp",21.3294448852539,"Tag3"
"128",2015-11-10 06:40:10,"temp",21.3401718139648,"Tag3"
"129",2015-11-10 06:41:05,"temp",21.3294448852539,"Tag3"
"130",2015-11-10 06:42:07,"temp",21.3401718139648,"Tag3"
"131",2015-11-10 06:43:06,"temp",21.3401718139648,"Tag3"
"132",2015-11-10 06:44:02,"temp",21.3401718139648,"Tag3"
"133",2015-11-10 06:45:04,"temp",21.3294448852539,"Tag3"
"134",2015-11-10 06:45:55,"temp",21.3294448852539,"Tag3"
"135",2015-11-10 06:46:33,"temp",21.3187198638916,"Tag3"
"136",2015-11-10 06:47:23,"temp",21.3187198638916,"Tag3"
"137",2015-11-10 06:48:14,"temp",21.3294448852539,"Tag3"
"138",2015-11-10 06:49:13,"temp",21.3294448852539,"Tag3"
"139",2015-11-10 06:49:55,"temp",21.3294448852539,"Tag3"
"140",2015-11-10 06:50:56,"temp",21.3294448852539,"Tag3"
"141",2015-11-10 06:51:59,"temp",21.3187198638916,"Tag3"
"142",2015-11-10 06:52:58,"temp",21.3187198638916,"Tag3"
"143",2015-11-10 06:53:53,"temp",21.3187198638916,"Tag3"
"144",2015-11-10 06:54:41,"temp",21.3401718139648,"Tag3"
"145",2015-11-10 06:55:41,"temp",21.3187198638916,"Tag3"
"146",2015-11-10 06:56:42,"temp",21.3294448852539,"Tag3"
"147",2015-11-10 06:57:45,"temp",21.3187198638916,"Tag3"
"148",2015-11-10 06:58:47,"temp",21.3187198638916,"Tag3"
"149",2015-11-10 06:59:46,"temp",21.3294448852539,"Tag3"
"150",2015-11-10 07:00:49,"temp",21.3079948425293,"Tag3"
"151",2015-11-10 07:01:52,"temp",21.3079948425293,"Tag3"
"152",2015-11-10 07:02:36,"temp",21.3294448852539,"Tag3"
"153",2015-11-10 07:03:38,"temp",21.3187198638916,"Tag3"
"154",2015-11-10 07:04:32,"temp",21.3187198638916,"Tag3"
"155",2015-11-10 07:05:32,"temp",21.3079948425293,"Tag3"
"156",2015-11-10 07:06:11,"temp",21.3187198638916,"Tag3"
"157",2015-11-10 07:07:06,"temp",21.3187198638916,"Tag3"
"158",2015-11-10 07:08:08,"temp",21.3187198638916,"Tag3"
"159",2015-11-10 07:09:06,"temp",21.3187198638916,"Tag3"
"160",2015-11-10 07:09:51,"temp",21.3187198638916,"Tag3"
"161",2015-11-10 07:10:46,"temp",21.3079948425293,"Tag3"
"162",2015-11-10 07:11:38,"temp",21.3187198638916,"Tag3"
"163",2015-11-10 07:12:33,"temp",21.3187198638916,"Tag3"
"164",2015-11-10 07:13:35,"temp",21.3187198638916,"Tag3"
"165",2015-11-10 07:14:36,"temp",21.3079948425293,"Tag3"
"166",2015-11-10 07:15:36,"temp",21.3187198638916,"Tag3"
"167",2015-11-10 07:16:33,"temp",21.3187198638916,"Tag3"
"168",2015-11-10 07:17:32,"temp",21.3294448852539,"Tag3"
"169",2015-11-10 07:18:34,"temp",21.3187198638916,"Tag3"
"170",2015-11-10 07:19:34,"temp",21.3079948425293,"Tag3"
"171",2015-11-10 07:20:27,"temp",21.3079948425293,"Tag3"
"172",2015-11-10 07:21:30,"temp",21.3187198638916,"Tag3"
"173",2015-11-10 07:22:28,"temp",21.3079948425293,"Tag3"
"174",2015-11-10 07:23:18,"temp",21.3079948425293,"Tag3"
"175",2015-11-10 07:24:19,"temp",21.3187198638916,"Tag3"
"176",2015-11-10 07:24:57,"temp",21.3079948425293,"Tag3"
"177",2015-11-10 07:25:59,"temp",21.3187198638916,"Tag3"
"178",2015-11-10 07:26:59,"temp",21.3079948425293,"Tag3"
"179",2015-11-10 07:27:49,"temp",21.297269821167,"Tag3"
"180",2015-11-10 07:28:51,"temp",21.3187198638916,"Tag3"
"181",2015-11-10 07:29:29,"temp",21.3079948425293,"Tag3"
"182",2015-11-10 07:30:31,"temp",21.3079948425293,"Tag3"
"183",2015-11-10 07:31:24,"temp",21.297269821167,"Tag3"
"184",2015-11-10 07:32:25,"temp",21.3079948425293,"Tag3"
"185",2015-11-10 07:33:28,"temp",21.3079948425293,"Tag3"
"186",2015-11-10 07:34:23,"temp",21.3079948425293,"Tag3"
"187",2015-11-10 07:35:26,"temp",21.3079948425293,"Tag3"
"188",2015-11-10 07:36:21,"temp",21.3079948425293,"Tag3"
"189",2015-11-10 07:37:23,"temp",21.3187198638916,"Tag3"
"190",2015-11-10 07:38:26,"temp",21.3079948425293,"Tag3"
"191",2015-11-10 07:39:29,"temp",21.3079948425293,"Tag3"
"192",2015-11-10 07:40:31,"temp",21.3187198638916,"Tag3"
"193",2015-11-10 07:41:32,"temp",21.3079948425293,"Tag3"
"194",2015-11-10 07:42:33,"temp",21.297269821167,"Tag3"
"195",2015-11-10 07:43:11,"temp",21.3079948425293,"Tag3"
"196",2015-11-10 07:44:12,"temp",21.3079948425293,"Tag3"
"197",2015-11-10 07:45:10,"temp",21.3187198638916,"Tag3"
"198",2015-11-10 07:46:12,"temp",21.3079948425293,"Tag3"
"199",2015-11-10 07:47:08,"temp",21.3079948425293,"Tag3"
"200",2015-11-10 07:48:11,"temp",21.3079948425293,"Tag3"
"201",2015-11-10 07:49:06,"temp",21.3079948425293,"Tag3"
"202",2015-11-10 07:49:55,"temp",21.3079948425293,"Tag3"
"203",2015-11-10 07:50:33,"temp",21.3079948425293,"Tag3"
"204",2015-11-10 07:51:18,"temp",21.3079948425293,"Tag3"
"205",2015-11-10 07:51:58,"temp",21.3187198638916,"Tag3"
"206",2015-11-10 07:52:53,"temp",21.3079948425293,"Tag3"
"207",2015-11-10 07:53:52,"temp",21.3187198638916,"Tag3"
"208",2015-11-10 07:54:30,"temp",21.3079948425293,"Tag3"
"209",2015-11-10 07:55:31,"temp",21.297269821167,"Tag3"
"210",2015-11-10 07:56:24,"temp",21.297269821167,"Tag3"
"211",2015-11-10 07:57:19,"temp",21.3079948425293,"Tag3"
"212",2015-11-10 07:58:22,"temp",21.3079948425293,"Tag3"
"213",2015-11-10 07:59:21,"temp",21.3187198638916,"Tag3"
"214",2015-11-10 08:00:16,"temp",21.3079948425293,"Tag3"
"215",2015-11-10 08:01:18,"temp",21.2865447998047,"Tag3"
"216",2015-11-10 08:02:09,"temp",21.3079948425293,"Tag3"
"217",2015-11-10 08:03:11,"temp",21.3079948425293,"Tag3"
"218",2015-11-10 08:04:13,"temp",21.3079948425293,"Tag3"
"219",2015-11-10 08:05:16,"temp",21.297269821167,"Tag3"
"220",2015-11-10 08:06:08,"temp",21.3079948425293,"Tag3"
"221",2015-11-10 08:07:10,"temp",21.297269821167,"Tag3"
"222",2015-11-10 08:07:53,"temp",21.3079948425293,"Tag3"
"223",2015-11-10 08:08:51,"temp",21.297269821167,"Tag3"
"224",2015-11-10 08:09:52,"temp",21.297269821167,"Tag3"
"225",2015-11-10 08:10:54,"temp",21.3079948425293,"Tag3"
"226",2015-11-10 08:11:49,"temp",21.297269821167,"Tag3"
"227",2015-11-10 08:12:47,"temp",21.3079948425293,"Tag3"
"228",2015-11-10 08:13:50,"temp",21.3187198638916,"Tag3"
"229",2015-11-10 08:14:47,"temp",21.3079948425293,"Tag3"
"230",2015-11-10 08:15:50,"temp",21.3187198638916,"Tag3"
"231",2015-11-10 08:16:51,"temp",21.3079948425293,"Tag3"
"232",2015-11-10 08:17:49,"temp",21.3079948425293,"Tag3"
"233",2015-11-10 08:18:38,"temp",21.3079948425293,"Tag3"
"234",2015-11-10 08:19:41,"temp",21.3079948425293,"Tag3"
"235",2015-11-10 08:20:40,"temp",21.3079948425293,"Tag3"
"236",2015-11-10 08:21:43,"temp",21.3079948425293,"Tag3"
"237",2015-11-10 08:22:44,"temp",21.297269821167,"Tag3"
"238",2015-11-10 08:23:40,"temp",21.3079948425293,"Tag3"
"239",2015-11-10 08:24:39,"temp",21.3079948425293,"Tag3"
"240",2015-11-10 08:25:36,"temp",21.3079948425293,"Tag3"
"241",2015-11-10 08:26:34,"temp",21.3187198638916,"Tag3"
"242",2015-11-10 08:27:20,"temp",21.3079948425293,"Tag3"
"243",2015-11-10 08:28:19,"temp",21.3079948425293,"Tag3"
"244",2015-11-10 08:29:21,"temp",21.3079948425293,"Tag3"
"245",2015-11-10 08:30:24,"temp",21.3079948425293,"Tag3"
"246",2015-11-10 08:31:21,"temp",21.3294448852539,"Tag3"
"247",2015-11-10 08:32:22,"temp",21.3079948425293,"Tag3"
"248",2015-11-10 08:33:24,"temp",21.3079948425293,"Tag3"
"249",2015-11-10 08:34:16,"temp",21.3079948425293,"Tag3"
"250",2015-11-10 08:35:17,"temp",21.3079948425293,"Tag3"
"251",2015-11-10 08:36:15,"temp",21.3079948425293,"Tag3"
"252",2015-11-10 08:37:14,"temp",21.3079948425293,"Tag3"
"253",2015-11-10 08:38:11,"temp",21.3187198638916,"Tag3"
"254",2015-11-10 08:39:11,"temp",21.3079948425293,"Tag3"
"255",2015-11-10 08:40:11,"temp",21.3187198638916,"Tag3"
"256",2015-11-10 08:41:09,"temp",21.3079948425293,"Tag3"
"257",2015-11-10 08:42:07,"temp",21.3079948425293,"Tag3"
"258",2015-11-10 08:43:04,"temp",21.3187198638916,"Tag3"
"259",2015-11-10 08:44:02,"temp",21.3187198638916,"Tag3"
"260",2015-11-10 08:44:46,"temp",21.3187198638916,"Tag3"
"261",2015-11-10 08:45:22,"temp",21.3187198638916,"Tag3"
"262",2015-11-10 08:46:24,"temp",21.3187198638916,"Tag3"
"263",2015-11-10 08:47:26,"temp",21.3079948425293,"Tag3"
"264",2015-11-10 08:48:21,"temp",21.3187198638916,"Tag3"
"265",2015-11-10 08:49:20,"temp",21.3294448852539,"Tag3"
"266",2015-11-10 08:50:21,"temp",21.3187198638916,"Tag3"
"267",2015-11-10 08:51:23,"temp",21.3187198638916,"Tag3"
"268",2015-11-10 08:52:18,"temp",21.3187198638916,"Tag3"
"269",2015-11-10 08:53:21,"temp",21.3187198638916,"Tag3"
"270",2015-11-10 08:54:22,"temp",21.3187198638916,"Tag3"
"271",2015-11-10 08:55:25,"temp",21.3187198638916,"Tag3"
"272",2015-11-10 08:56:22,"temp",21.3187198638916,"Tag3"
"273",2015-11-10 08:57:24,"temp",21.3187198638916,"Tag3"
"274",2015-11-10 08:58:23,"temp",21.3187198638916,"Tag3"
"275",2015-11-10 08:59:22,"temp",21.3187198638916,"Tag3"
"276",2015-11-10 09:00:24,"temp",21.3294448852539,"Tag3"
"277",2015-11-10 09:01:22,"temp",21.3401718139648,"Tag3"
"278",2015-11-10 09:02:18,"temp",21.3187198638916,"Tag3"
"279",2015-11-10 09:03:19,"temp",21.3187198638916,"Tag3"
"280",2015-11-10 09:04:16,"temp",21.3187198638916,"Tag3"
"281",2015-11-10 09:05:08,"temp",21.3187198638916,"Tag3"
"282",2015-11-10 09:06:10,"temp",21.3187198638916,"Tag3"
"283",2015-11-10 09:07:07,"temp",21.3187198638916,"Tag3"
"284",2015-11-10 09:08:10,"temp",21.3294448852539,"Tag3"
"285",2015-11-10 09:09:13,"temp",21.3187198638916,"Tag3"
"286",2015-11-10 09:10:15,"temp",21.3079948425293,"Tag3"
"287",2015-11-10 09:11:15,"temp",21.3294448852539,"Tag3"
"288",2015-11-10 09:12:18,"temp",21.3294448852539,"Tag3"
"289",2015-11-10 09:13:21,"temp",21.3187198638916,"Tag3"
"290",2015-11-10 09:14:10,"temp",21.3294448852539,"Tag3"
"291",2015-11-10 09:14:56,"temp",21.3187198638916,"Tag3"
"292",2015-11-10 09:15:59,"temp",21.3294448852539,"Tag3"
"293",2015-11-10 09:17:02,"temp",21.3187198638916,"Tag3"
"294",2015-11-10 09:18:03,"temp",21.3294448852539,"Tag3"
"295",2015-11-10 09:19:00,"temp",21.3294448852539,"Tag3"
"296",2015-11-10 09:19:54,"temp",21.3294448852539,"Tag3"
"297",2015-11-10 09:20:47,"temp",21.3294448852539,"Tag3"
"298",2015-11-10 09:21:26,"temp",21.3187198638916,"Tag3"
"299",2015-11-10 09:22:24,"temp",21.3294448852539,"Tag3"
"300",2015-11-10 09:23:27,"temp",21.3401718139648,"Tag3"
"301",2015-11-10 09:24:19,"temp",21.3401718139648,"Tag3"
"302",2015-11-10 09:25:01,"temp",21.3401718139648,"Tag3"
"303",2015-11-10 09:26:02,"temp",21.3401718139648,"Tag3"
"304",2015-11-10 09:27:04,"temp",21.3508968353271,"Tag3"
"305",2015-11-10 09:27:58,"temp",21.3508968353271,"Tag3"
"306",2015-11-10 09:28:46,"temp",21.3401718139648,"Tag3"
"307",2015-11-10 09:29:49,"temp",21.3401718139648,"Tag3"
"308",2015-11-10 09:30:40,"temp",21.3401718139648,"Tag3"
"309",2015-11-10 09:31:34,"temp",21.3401718139648,"Tag3"
"310",2015-11-10 09:32:21,"temp",21.3294448852539,"Tag3"
"311",2015-11-10 09:33:18,"temp",21.3508968353271,"Tag3"
"312",2015-11-10 09:34:20,"temp",21.3401718139648,"Tag3"
"313",2015-11-10 09:34:51,"temp",21.3616218566895,"Tag3"
"314",2015-11-10 09:35:25,"temp",21.3508968353271,"Tag3"
"315",2015-11-10 09:36:28,"temp",21.3508968353271,"Tag3"
"316",2015-11-10 09:37:25,"temp",21.3508968353271,"Tag3"
"317",2015-11-10 09:38:28,"temp",21.3616218566895,"Tag3"
"318",2015-11-10 09:39:24,"temp",21.3616218566895,"Tag3"
"319",2015-11-10 09:40:22,"temp",21.3616218566895,"Tag3"
"320",2015-11-10 09:41:12,"temp",21.3723468780518,"Tag3"
"321",2015-11-10 09:42:12,"temp",21.3723468780518,"Tag3"
"322",2015-11-10 09:43:07,"temp",21.3616218566895,"Tag3"
"323",2015-11-10 09:43:59,"temp",21.3616218566895,"Tag3"
"324",2015-11-10 09:44:54,"temp",21.3723468780518,"Tag3"
"325",2015-11-10 09:45:48,"temp",21.3723468780518,"Tag3"
"326",2015-11-10 09:46:50,"temp",21.3616218566895,"Tag3"
"327",2015-11-10 09:47:36,"temp",21.3830718994141,"Tag3"
"328",2015-11-10 09:48:35,"temp",21.3723468780518,"Tag3"
"329",2015-11-10 09:49:25,"temp",21.3723468780518,"Tag3"
"330",2015-11-10 09:50:22,"temp",21.3830718994141,"Tag3"
"331",2015-11-10 09:51:17,"temp",21.3723468780518,"Tag3"
"332",2015-11-10 09:52:15,"temp",21.3937969207764,"Tag3"
"333",2015-11-10 09:53:18,"temp",21.3830718994141,"Tag3"
"334",2015-11-10 09:54:21,"temp",21.3830718994141,"Tag3"
"335",2015-11-10 09:55:14,"temp",21.3937969207764,"Tag3"
"336",2015-11-10 09:55:58,"temp",21.3937969207764,"Tag3"
"337",2015-11-10 09:56:59,"temp",21.3937969207764,"Tag3"
"338",2015-11-10 09:57:59,"temp",21.4045219421387,"Tag3"
"339",2015-11-10 09:59:00,"temp",21.415246963501,"Tag3"
"340",2015-11-10 09:59:57,"temp",21.4366970062256,"Tag3"
"341",2015-11-10 10:01:00,"temp",21.4474220275879,"Tag3"
"342",2015-11-10 10:02:00,"temp",21.4581470489502,"Tag3"
"343",2015-11-10 10:02:56,"temp",21.4474220275879,"Tag3"
"344",2015-11-10 10:03:59,"temp",21.4581470489502,"Tag3"
"345",2015-11-10 10:04:46,"temp",21.4688720703125,"Tag3"
"346",2015-11-10 10:05:38,"temp",21.4795970916748,"Tag3"
"347",2015-11-10 10:06:40,"temp",21.4903221130371,"Tag3"
"348",2015-11-10 10:07:38,"temp",21.4795970916748,"Tag3"
"349",2015-11-10 10:08:32,"temp",21.4795970916748,"Tag3"
"350",2015-11-10 10:09:30,"temp",21.4903221130371,"Tag3"
"351",2015-11-10 10:10:30,"temp",21.4903221130371,"Tag3"
"352",2015-11-10 10:11:18,"temp",21.5010471343994,"Tag3"
"353",2015-11-10 10:12:07,"temp",21.522497177124,"Tag3"
"354",2015-11-10 10:13:09,"temp",21.5332221984863,"Tag3"
"355",2015-11-10 10:14:08,"temp",21.5439472198486,"Tag3"
"356",2015-11-10 10:15:03,"temp",21.5546722412109,"Tag3"
"357",2015-11-10 10:16:06,"temp",21.5653972625732,"Tag3"
"358",2015-11-10 10:16:59,"temp",21.5868473052979,"Tag3"
"359",2015-11-10 10:17:45,"temp",21.5761222839355,"Tag3"
"360",2015-11-10 10:18:45,"temp",21.6190242767334,"Tag3"
"361",2015-11-10 10:19:45,"temp",21.640474319458,"Tag3"
"362",2015-11-10 10:20:43,"temp",21.640474319458,"Tag3"
"363",2015-11-10 10:21:37,"temp",21.6619243621826,"Tag3"
"364",2015-11-10 10:22:39,"temp",21.6726493835449,"Tag3"
"365",2015-11-10 10:23:42,"temp",21.6940994262695,"Tag3"
"366",2015-11-10 10:24:43,"temp",21.7048244476318,"Tag3"
"367",2015-11-10 10:25:45,"temp",21.7155494689941,"Tag3"
"368",2015-11-10 10:26:40,"temp",21.7477245330811,"Tag3"
"369",2015-11-10 10:27:40,"temp",21.7691745758057,"Tag3"
"370",2015-11-10 10:28:41,"temp",21.779899597168,"Tag3"
"371",2015-11-10 10:29:38,"temp",21.7906246185303,"Tag3"
"372",2015-11-10 10:30:31,"temp",21.8120746612549,"Tag3"
"373",2015-11-10 10:31:28,"temp",21.8335247039795,"Tag3"
"374",2015-11-10 10:32:21,"temp",21.8764266967773,"Tag3"
"375",2015-11-10 10:33:11,"temp",21.8871517181396,"Tag3"
"376",2015-11-10 10:33:52,"temp",21.897876739502,"Tag3"
"377",2015-11-10 10:34:54,"temp",21.9086017608643,"Tag3"
"378",2015-11-10 10:35:51,"temp",21.9407768249512,"Tag3"
"379",2015-11-10 10:36:54,"temp",21.9515018463135,"Tag3"
"380",2015-11-10 10:37:43,"temp",21.9729518890381,"Tag3"
"381",2015-11-10 10:38:46,"temp",21.9836769104004,"Tag3"
"382",2015-11-10 10:39:48,"temp",22.005126953125,"Tag3"
"383",2015-11-10 10:40:46,"temp",22.0265769958496,"Tag3"
"384",2015-11-10 10:41:49,"temp",22.0373020172119,"Tag3"
"385",2015-11-10 10:42:50,"temp",22.0694770812988,"Tag3"
"386",2015-11-10 10:43:49,"temp",22.0694770812988,"Tag3"
"387",2015-11-10 10:44:42,"temp",22.0909271240234,"Tag3"
"388",2015-11-10 10:45:45,"temp",22.1016521453857,"Tag3"
"389",2015-11-10 10:46:48,"temp",22.1338272094727,"Tag3"
"390",2015-11-10 10:47:50,"temp",22.1552791595459,"Tag3"
"391",2015-11-10 10:48:49,"temp",22.1767292022705,"Tag3"
"392",2015-11-10 10:49:39,"temp",22.1767292022705,"Tag3"
"393",2015-11-10 10:50:39,"temp",22.1981792449951,"Tag3"
"394",2015-11-10 10:51:34,"temp",22.2196292877197,"Tag3"
"395",2015-11-10 10:52:31,"temp",22.2410793304443,"Tag3"
"396",2015-11-10 10:53:26,"temp",22.2410793304443,"Tag3"
"397",2015-11-10 10:54:28,"temp",22.2518043518066,"Tag3"
"398",2015-11-10 10:55:31,"temp",22.2732543945313,"Tag3"
"399",2015-11-10 10:56:34,"temp",22.2947044372559,"Tag3"
"400",2015-11-10 10:57:36,"temp",22.3161544799805,"Tag3"
"401",2015-11-10 10:58:39,"temp",22.3268795013428,"Tag3"
"402",2015-11-10 10:59:41,"temp",22.3483295440674,"Tag3"
"403",2015-11-10 11:00:40,"temp",22.369779586792,"Tag3"
"404",2015-11-10 11:01:43,"temp",22.3590545654297,"Tag3"
"405",2015-11-10 11:02:40,"temp",22.369779586792,"Tag3"
"406",2015-11-10 11:03:42,"temp",22.3912296295166,"Tag3"
"407",2015-11-10 11:04:43,"temp",22.4019546508789,"Tag3"
"408",2015-11-10 11:05:42,"temp",22.4234066009521,"Tag3"
"409",2015-11-10 11:06:44,"temp",22.4448566436768,"Tag3"
"410",2015-11-10 11:07:46,"temp",22.4448566436768,"Tag3"
"411",2015-11-10 11:08:48,"temp",22.4448566436768,"Tag3"
"412",2015-11-10 11:09:38,"temp",22.4555816650391,"Tag3"
"413",2015-11-10 11:10:37,"temp",22.4770317077637,"Tag3"
"414",2015-11-10 11:11:32,"temp",22.4770317077637,"Tag3"
"415",2015-11-10 11:12:34,"temp",22.487756729126,"Tag3"
"416",2015-11-10 11:13:35,"temp",22.4984817504883,"Tag3"
"417",2015-11-10 11:14:24,"temp",22.5199317932129,"Tag3"
"418",2015-11-10 11:15:25,"temp",22.5199317932129,"Tag3"
"419",2015-11-10 11:16:16,"temp",22.5306568145752,"Tag3"
"420",2015-11-10 11:17:10,"temp",22.5413818359375,"Tag3"
"421",2015-11-10 11:18:03,"temp",22.5521068572998,"Tag3"
"422",2015-11-10 11:18:59,"temp",22.5413818359375,"Tag3"
"423",2015-11-10 11:20:00,"temp",22.5628318786621,"Tag3"
"424",2015-11-10 11:21:02,"temp",22.5842819213867,"Tag3"
"425",2015-11-10 11:21:47,"temp",22.5842819213867,"Tag3"
"426",2015-11-10 11:22:38,"temp",22.595006942749,"Tag3"
"427",2015-11-10 11:23:41,"temp",22.595006942749,"Tag3"
"428",2015-11-10 11:24:33,"temp",22.6057319641113,"Tag3"
"429",2015-11-10 11:25:35,"temp",22.6271820068359,"Tag3"
"430",2015-11-10 11:26:36,"temp",22.6271820068359,"Tag3"
"431",2015-11-10 11:27:38,"temp",22.6486320495605,"Tag3"
"432",2015-11-10 11:28:37,"temp",22.6593570709229,"Tag3"
"433",2015-11-10 11:29:40,"temp",22.6700820922852,"Tag3"
"434",2015-11-10 11:30:42,"temp",22.6700820922852,"Tag3"
"435",2015-11-10 11:31:43,"temp",22.6700820922852,"Tag3"
"436",2015-11-10 11:32:42,"temp",22.6915340423584,"Tag3"
"437",2015-11-10 11:33:34,"temp",22.6915340423584,"Tag3"
"438",2015-11-10 11:34:36,"temp",22.6915340423584,"Tag3"
"439",2015-11-10 11:35:33,"temp",22.712984085083,"Tag3"
"440",2015-11-10 11:36:31,"temp",22.7237091064453,"Tag3"
"441",2015-11-10 11:37:33,"temp",22.7237091064453,"Tag3"
"442",2015-11-10 11:38:35,"temp",22.7237091064453,"Tag3"
"443",2015-11-10 11:39:38,"temp",22.7451591491699,"Tag3"
"444",2015-11-10 11:40:35,"temp",22.7451591491699,"Tag3"
"445",2015-11-10 11:41:33,"temp",22.7558841705322,"Tag3"
"446",2015-11-10 11:42:36,"temp",22.7558841705322,"Tag3"
"447",2015-11-10 11:43:33,"temp",22.7451591491699,"Tag3"
"448",2015-11-10 04:40:10,"humi",50.2820434570313,"Tag3"
"449",2015-11-10 04:41:00,"humi",50.2896728515625,"Tag3"
"450",2015-11-10 04:41:59,"humi",50.2896728515625,"Tag3"
"451",2015-11-10 04:43:01,"humi",50.2896728515625,"Tag3"
"452",2015-11-10 04:44:01,"humi",50.2896728515625,"Tag3"
"453",2015-11-10 04:44:53,"humi",50.2896728515625,"Tag3"
"454",2015-11-10 04:45:52,"humi",50.2973022460938,"Tag3"
"455",2015-11-10 04:46:39,"humi",50.2973022460938,"Tag3"
"456",2015-11-10 04:47:37,"humi",50.304931640625,"Tag3"
"457",2015-11-10 04:48:37,"humi",50.2896728515625,"Tag3"
"458",2015-11-10 04:49:37,"humi",50.3125610351563,"Tag3"
"459",2015-11-10 04:50:38,"humi",50.3125610351563,"Tag3"
"460",2015-11-10 04:51:35,"humi",50.3278198242188,"Tag3"
"461",2015-11-10 04:52:37,"humi",50.3201904296875,"Tag3"
"462",2015-11-10 04:53:35,"humi",50.3278198242188,"Tag3"
"463",2015-11-10 04:54:38,"humi",50.3201904296875,"Tag3"
"464",2015-11-10 04:55:40,"humi",50.3278198242188,"Tag3"
"465",2015-11-10 04:56:38,"humi",50.3278198242188,"Tag3"
"466",2015-11-10 04:57:41,"humi",50.3278198242188,"Tag3"
"467",2015-11-10 04:58:43,"humi",50.3278198242188,"Tag3"
"468",2015-11-10 04:59:31,"humi",50.3278198242188,"Tag3"
"469",2015-11-10 05:00:25,"humi",50.3278198242188,"Tag3"
"470",2015-11-10 05:01:18,"humi",50.3125610351563,"Tag3"
"471",2015-11-10 05:02:18,"humi",50.3278198242188,"Tag3"
"472",2015-11-10 05:03:21,"humi",50.33544921875,"Tag3"
"473",2015-11-10 05:04:14,"humi",50.3278198242188,"Tag3"
"474",2015-11-10 05:05:15,"humi",50.3201904296875,"Tag3"
"475",2015-11-10 05:05:59,"humi",50.304931640625,"Tag3"
"476",2015-11-10 05:07:02,"humi",50.3201904296875,"Tag3"
"477",2015-11-10 05:07:57,"humi",50.304931640625,"Tag3"
"478",2015-11-10 05:08:56,"humi",50.304931640625,"Tag3"
"479",2015-11-10 05:09:55,"humi",50.3125610351563,"Tag3"
"480",2015-11-10 05:10:56,"humi",50.3430786132813,"Tag3"
"481",2015-11-10 05:11:55,"humi",50.33544921875,"Tag3"
"482",2015-11-10 05:12:57,"humi",50.33544921875,"Tag3"
"483",2015-11-10 05:13:54,"humi",50.3507080078125,"Tag3"
"484",2015-11-10 05:14:46,"humi",50.33544921875,"Tag3"
"485",2015-11-10 05:15:41,"humi",50.33544921875,"Tag3"
"486",2015-11-10 05:16:42,"humi",50.3430786132813,"Tag3"
"487",2015-11-10 05:17:42,"humi",50.3430786132813,"Tag3"
"488",2015-11-10 05:18:44,"humi",50.3430786132813,"Tag3"
"489",2015-11-10 05:19:47,"humi",50.3507080078125,"Tag3"
"490",2015-11-10 05:20:48,"humi",50.3583374023438,"Tag3"
"491",2015-11-10 05:21:44,"humi",50.3507080078125,"Tag3"
"492",2015-11-10 05:22:44,"humi",50.3507080078125,"Tag3"
"493",2015-11-10 05:23:43,"humi",50.3430786132813,"Tag3"
"494",2015-11-10 05:24:38,"humi",50.3507080078125,"Tag3"
"495",2015-11-10 05:25:41,"humi",50.33544921875,"Tag3"
"496",2015-11-10 05:26:37,"humi",50.33544921875,"Tag3"
"497",2015-11-10 05:27:38,"humi",50.3278198242188,"Tag3"
"498",2015-11-10 05:28:37,"humi",50.3278198242188,"Tag3"
"499",2015-11-10 05:29:28,"humi",50.33544921875,"Tag3"
"500",2015-11-10 05:30:15,"humi",50.3430786132813,"Tag3"
"501",2015-11-10 05:31:18,"humi",50.3583374023438,"Tag3"
"502",2015-11-10 05:32:19,"humi",50.3430786132813,"Tag3"
"503",2015-11-10 05:33:12,"humi",50.33544921875,"Tag3"
"504",2015-11-10 05:34:13,"humi",50.365966796875,"Tag3"
"505",2015-11-10 05:35:16,"humi",50.3888549804688,"Tag3"
"506",2015-11-10 05:36:18,"humi",50.3735961914063,"Tag3"
"507",2015-11-10 05:37:20,"humi",50.365966796875,"Tag3"
"508",2015-11-10 05:38:13,"humi",50.3735961914063,"Tag3"
"509",2015-11-10 05:39:10,"humi",50.3812255859375,"Tag3"
"510",2015-11-10 05:40:08,"humi",50.3888549804688,"Tag3"
"511",2015-11-10 05:41:11,"humi",50.3888549804688,"Tag3"
"512",2015-11-10 05:41:52,"humi",50.3888549804688,"Tag3"
"513",2015-11-10 05:42:48,"humi",50.3888549804688,"Tag3"
"514",2015-11-10 05:43:43,"humi",50.365966796875,"Tag3"
"515",2015-11-10 05:44:39,"humi",50.3888549804688,"Tag3"
"516",2015-11-10 05:45:42,"humi",50.3888549804688,"Tag3"
"517",2015-11-10 05:46:43,"humi",50.396484375,"Tag3"
"518",2015-11-10 05:47:36,"humi",50.4041137695313,"Tag3"
"519",2015-11-10 05:48:33,"humi",50.396484375,"Tag3"
"520",2015-11-10 05:49:35,"humi",50.396484375,"Tag3"
"521",2015-11-10 05:50:37,"humi",50.4041137695313,"Tag3"
"522",2015-11-10 05:51:37,"humi",50.3888549804688,"Tag3"
"523",2015-11-10 05:52:31,"humi",50.3888549804688,"Tag3"
"524",2015-11-10 05:53:34,"humi",50.3888549804688,"Tag3"
"525",2015-11-10 05:54:30,"humi",50.4041137695313,"Tag3"
"526",2015-11-10 05:55:29,"humi",50.396484375,"Tag3"
"527",2015-11-10 05:56:31,"humi",50.4117431640625,"Tag3"
"528",2015-11-10 05:57:09,"humi",50.4193725585938,"Tag3"
"529",2015-11-10 05:58:12,"humi",50.396484375,"Tag3"
"530",2015-11-10 05:59:05,"humi",50.4041137695313,"Tag3"
"531",2015-11-10 06:00:08,"humi",50.4041137695313,"Tag3"
"532",2015-11-10 06:01:01,"humi",50.396484375,"Tag3"
"533",2015-11-10 06:02:02,"humi",50.4041137695313,"Tag3"
"534",2015-11-10 06:03:05,"humi",50.396484375,"Tag3"
"535",2015-11-10 06:04:01,"humi",50.4117431640625,"Tag3"
"536",2015-11-10 06:04:56,"humi",50.4041137695313,"Tag3"
"537",2015-11-10 06:05:56,"humi",50.4117431640625,"Tag3"
"538",2015-11-10 06:06:45,"humi",50.4117431640625,"Tag3"
"539",2015-11-10 06:07:40,"humi",50.4117431640625,"Tag3"
"540",2015-11-10 06:08:30,"humi",50.4117431640625,"Tag3"
"541",2015-11-10 06:09:27,"humi",50.4422607421875,"Tag3"
"542",2015-11-10 06:10:15,"humi",50.427001953125,"Tag3"
"543",2015-11-10 06:11:18,"humi",50.427001953125,"Tag3"
"544",2015-11-10 06:12:14,"humi",50.4346313476563,"Tag3"
"545",2015-11-10 06:13:15,"humi",50.4422607421875,"Tag3"
"546",2015-11-10 06:14:17,"humi",50.4422607421875,"Tag3"
"547",2015-11-10 06:15:05,"humi",50.4346313476563,"Tag3"
"548",2015-11-10 06:16:07,"humi",50.4346313476563,"Tag3"
"549",2015-11-10 06:17:02,"humi",50.45751953125,"Tag3"
"550",2015-11-10 06:18:05,"humi",50.4498901367188,"Tag3"
"551",2015-11-10 06:19:02,"humi",50.4498901367188,"Tag3"
"552",2015-11-10 06:20:01,"humi",50.4498901367188,"Tag3"
"553",2015-11-10 06:20:55,"humi",50.4651489257813,"Tag3"
"554",2015-11-10 06:21:55,"humi",50.4498901367188,"Tag3"
"555",2015-11-10 06:22:47,"humi",50.45751953125,"Tag3"
"556",2015-11-10 06:23:41,"humi",50.4422607421875,"Tag3"
"557",2015-11-10 06:24:43,"humi",50.4498901367188,"Tag3"
"558",2015-11-10 06:25:40,"humi",50.45751953125,"Tag3"
"559",2015-11-10 06:26:42,"humi",50.45751953125,"Tag3"
"560",2015-11-10 06:27:45,"humi",50.4727783203125,"Tag3"
"561",2015-11-10 06:28:48,"humi",50.4727783203125,"Tag3"
"562",2015-11-10 06:29:45,"humi",50.4727783203125,"Tag3"
"563",2015-11-10 06:30:47,"humi",50.488037109375,"Tag3"
"564",2015-11-10 06:31:46,"humi",50.4727783203125,"Tag3"
"565",2015-11-10 06:32:38,"humi",50.488037109375,"Tag3"
"566",2015-11-10 06:33:31,"humi",50.4956665039063,"Tag3"
"567",2015-11-10 06:34:33,"humi",50.4956665039063,"Tag3"
"568",2015-11-10 06:35:37,"humi",50.488037109375,"Tag3"
"569",2015-11-10 06:36:02,"humi",50.4804077148438,"Tag3"
"570",2015-11-10 06:36:38,"humi",50.4804077148438,"Tag3"
"571",2015-11-10 06:36:39,"humi",50.4804077148438,"Tag3"
"572",2015-11-10 06:37:16,"humi",50.4804077148438,"Tag3"
"573",2015-11-10 06:38:14,"humi",50.488037109375,"Tag3"
"574",2015-11-10 06:39:14,"humi",50.5032958984375,"Tag3"
"575",2015-11-10 06:40:10,"humi",50.4956665039063,"Tag3"
"576",2015-11-10 06:41:05,"humi",50.5185546875,"Tag3"
"577",2015-11-10 06:42:07,"humi",50.5185546875,"Tag3"
"578",2015-11-10 06:43:06,"humi",50.5338134765625,"Tag3"
"579",2015-11-10 06:44:02,"humi",50.5338134765625,"Tag3"
"580",2015-11-10 06:45:04,"humi",50.5338134765625,"Tag3"
"581",2015-11-10 06:45:55,"humi",50.5338134765625,"Tag3"
"582",2015-11-10 06:46:33,"humi",50.5185546875,"Tag3"
"583",2015-11-10 06:47:23,"humi",50.5338134765625,"Tag3"
"584",2015-11-10 06:48:14,"humi",50.549072265625,"Tag3"
"585",2015-11-10 06:49:13,"humi",50.549072265625,"Tag3"
"586",2015-11-10 06:49:55,"humi",50.549072265625,"Tag3"
"587",2015-11-10 06:50:56,"humi",50.549072265625,"Tag3"
"588",2015-11-10 06:51:59,"humi",50.5261840820313,"Tag3"
"589",2015-11-10 06:52:58,"humi",50.5567016601563,"Tag3"
"590",2015-11-10 06:53:53,"humi",50.549072265625,"Tag3"
"591",2015-11-10 06:54:41,"humi",50.5643310546875,"Tag3"
"592",2015-11-10 06:55:41,"humi",50.5643310546875,"Tag3"
"593",2015-11-10 06:56:42,"humi",50.5719604492188,"Tag3"
"594",2015-11-10 06:57:45,"humi",50.5643310546875,"Tag3"
"595",2015-11-10 06:58:47,"humi",50.5872192382813,"Tag3"
"596",2015-11-10 06:59:46,"humi",50.6177368164063,"Tag3"
"597",2015-11-10 07:00:49,"humi",50.6177368164063,"Tag3"
"598",2015-11-10 07:01:52,"humi",50.6177368164063,"Tag3"
"599",2015-11-10 07:02:36,"humi",50.6253662109375,"Tag3"
"600",2015-11-10 07:03:38,"humi",50.6253662109375,"Tag3"
"601",2015-11-10 07:04:32,"humi",50.6253662109375,"Tag3"
"602",2015-11-10 07:05:32,"humi",50.6253662109375,"Tag3"
"603",2015-11-10 07:06:11,"humi",50.6482543945313,"Tag3"
"604",2015-11-10 07:07:06,"humi",50.6329956054688,"Tag3"
"605",2015-11-10 07:08:08,"humi",50.6253662109375,"Tag3"
"606",2015-11-10 07:09:06,"humi",50.6558837890625,"Tag3"
"607",2015-11-10 07:09:51,"humi",50.640625,"Tag3"
"608",2015-11-10 07:10:46,"humi",50.6253662109375,"Tag3"
"609",2015-11-10 07:11:38,"humi",50.6787719726563,"Tag3"
"610",2015-11-10 07:12:33,"humi",50.6558837890625,"Tag3"
"611",2015-11-10 07:13:35,"humi",50.671142578125,"Tag3"
"612",2015-11-10 07:14:36,"humi",50.7092895507813,"Tag3"
"613",2015-11-10 07:15:36,"humi",50.6940307617188,"Tag3"
"614",2015-11-10 07:16:33,"humi",50.671142578125,"Tag3"
"615",2015-11-10 07:17:32,"humi",50.671142578125,"Tag3"
"616",2015-11-10 07:18:34,"humi",50.732177734375,"Tag3"
"617",2015-11-10 07:19:34,"humi",50.7169189453125,"Tag3"
"618",2015-11-10 07:20:27,"humi",50.7092895507813,"Tag3"
"619",2015-11-10 07:21:30,"humi",50.7092895507813,"Tag3"
"620",2015-11-10 07:22:28,"humi",50.7474365234375,"Tag3"
"621",2015-11-10 07:23:18,"humi",50.7474365234375,"Tag3"
"622",2015-11-10 07:24:19,"humi",50.7550659179688,"Tag3"
"623",2015-11-10 07:24:57,"humi",50.7703247070313,"Tag3"
"624",2015-11-10 07:25:59,"humi",50.7779541015625,"Tag3"
"625",2015-11-10 07:26:59,"humi",50.7779541015625,"Tag3"
"626",2015-11-10 07:27:49,"humi",50.793212890625,"Tag3"
"627",2015-11-10 07:28:51,"humi",50.8008422851563,"Tag3"
"628",2015-11-10 07:29:29,"humi",50.8008422851563,"Tag3"
"629",2015-11-10 07:30:31,"humi",50.8313598632813,"Tag3"
"630",2015-11-10 07:31:24,"humi",50.82373046875,"Tag3"
"631",2015-11-10 07:32:25,"humi",50.8389892578125,"Tag3"
"632",2015-11-10 07:33:28,"humi",50.854248046875,"Tag3"
"633",2015-11-10 07:34:23,"humi",50.8771362304688,"Tag3"
"634",2015-11-10 07:35:26,"humi",50.8771362304688,"Tag3"
"635",2015-11-10 07:36:21,"humi",50.884765625,"Tag3"
"636",2015-11-10 07:37:23,"humi",50.9076538085938,"Tag3"
"637",2015-11-10 07:38:26,"humi",50.9076538085938,"Tag3"
"638",2015-11-10 07:39:29,"humi",50.9229125976563,"Tag3"
"639",2015-11-10 07:40:31,"humi",50.9229125976563,"Tag3"
"640",2015-11-10 07:41:32,"humi",50.9381713867188,"Tag3"
"641",2015-11-10 07:42:33,"humi",50.9610595703125,"Tag3"
"642",2015-11-10 07:43:11,"humi",50.9534301757813,"Tag3"
"643",2015-11-10 07:44:12,"humi",50.9381713867188,"Tag3"
"644",2015-11-10 07:45:10,"humi",50.9610595703125,"Tag3"
"645",2015-11-10 07:46:12,"humi",50.9534301757813,"Tag3"
"646",2015-11-10 07:47:08,"humi",50.9686889648438,"Tag3"
"647",2015-11-10 07:48:11,"humi",51.0144653320313,"Tag3"
"648",2015-11-10 07:49:06,"humi",51.0144653320313,"Tag3"
"649",2015-11-10 07:49:55,"humi",51.0526123046875,"Tag3"
"650",2015-11-10 07:50:33,"humi",51.0297241210938,"Tag3"
"651",2015-11-10 07:51:18,"humi",51.0144653320313,"Tag3"
"652",2015-11-10 07:51:58,"humi",51.0297241210938,"Tag3"
"653",2015-11-10 07:52:53,"humi",51.0755004882813,"Tag3"
"654",2015-11-10 07:53:52,"humi",51.0755004882813,"Tag3"
"655",2015-11-10 07:54:30,"humi",51.0602416992188,"Tag3"
"656",2015-11-10 07:55:31,"humi",51.0831298828125,"Tag3"
"657",2015-11-10 07:56:24,"humi",51.1136474609375,"Tag3"
"658",2015-11-10 07:57:19,"humi",51.1136474609375,"Tag3"
"659",2015-11-10 07:58:22,"humi",51.1365356445313,"Tag3"
"660",2015-11-10 07:59:21,"humi",51.1441650390625,"Tag3"
"661",2015-11-10 08:00:16,"humi",51.1517944335938,"Tag3"
"662",2015-11-10 08:01:18,"humi",51.1746826171875,"Tag3"
"663",2015-11-10 08:02:09,"humi",51.159423828125,"Tag3"
"664",2015-11-10 08:03:11,"humi",51.1975708007813,"Tag3"
"665",2015-11-10 08:04:13,"humi",51.2128295898438,"Tag3"
"666",2015-11-10 08:05:16,"humi",51.2280883789063,"Tag3"
"667",2015-11-10 08:06:08,"humi",51.2586059570313,"Tag3"
"668",2015-11-10 08:07:10,"humi",51.2433471679688,"Tag3"
"669",2015-11-10 08:07:53,"humi",51.281494140625,"Tag3"
"670",2015-11-10 08:08:51,"humi",51.281494140625,"Tag3"
"671",2015-11-10 08:09:52,"humi",51.2433471679688,"Tag3"
"672",2015-11-10 08:10:54,"humi",51.2586059570313,"Tag3"
"673",2015-11-10 08:11:49,"humi",51.3043823242188,"Tag3"
"674",2015-11-10 08:12:47,"humi",51.31201171875,"Tag3"
"675",2015-11-10 08:13:50,"humi",51.3196411132813,"Tag3"
"676",2015-11-10 08:14:47,"humi",51.3272705078125,"Tag3"
"677",2015-11-10 08:15:50,"humi",51.342529296875,"Tag3"
"678",2015-11-10 08:16:51,"humi",51.342529296875,"Tag3"
"679",2015-11-10 08:17:49,"humi",51.342529296875,"Tag3"
"680",2015-11-10 08:18:38,"humi",51.3883056640625,"Tag3"
"681",2015-11-10 08:19:41,"humi",51.3806762695313,"Tag3"
"682",2015-11-10 08:20:40,"humi",51.3959350585938,"Tag3"
"683",2015-11-10 08:21:43,"humi",51.4111938476563,"Tag3"
"684",2015-11-10 08:22:44,"humi",51.4264526367188,"Tag3"
"685",2015-11-10 08:23:40,"humi",51.464599609375,"Tag3"
"686",2015-11-10 08:24:39,"humi",51.4722290039063,"Tag3"
"687",2015-11-10 08:25:36,"humi",51.4722290039063,"Tag3"
"688",2015-11-10 08:26:34,"humi",51.464599609375,"Tag3"
"689",2015-11-10 08:27:20,"humi",51.525634765625,"Tag3"
"690",2015-11-10 08:28:19,"humi",51.5408935546875,"Tag3"
"691",2015-11-10 08:29:21,"humi",51.5180053710938,"Tag3"
"692",2015-11-10 08:30:24,"humi",51.5485229492188,"Tag3"
"693",2015-11-10 08:31:21,"humi",51.5332641601563,"Tag3"
"694",2015-11-10 08:32:22,"humi",51.5637817382813,"Tag3"
"695",2015-11-10 08:33:24,"humi",51.6019287109375,"Tag3"
"696",2015-11-10 08:34:16,"humi",51.5714111328125,"Tag3"
"697",2015-11-10 08:35:17,"humi",51.586669921875,"Tag3"
"698",2015-11-10 08:36:15,"humi",51.6019287109375,"Tag3"
"699",2015-11-10 08:37:14,"humi",51.6019287109375,"Tag3"
"700",2015-11-10 08:38:11,"humi",51.6171875,"Tag3"
"701",2015-11-10 08:39:11,"humi",51.586669921875,"Tag3"
"702",2015-11-10 08:40:11,"humi",51.647705078125,"Tag3"
"703",2015-11-10 08:41:09,"humi",51.6400756835938,"Tag3"
"704",2015-11-10 08:42:07,"humi",51.6400756835938,"Tag3"
"705",2015-11-10 08:43:04,"humi",51.6629638671875,"Tag3"
"706",2015-11-10 08:44:02,"humi",51.6858520507813,"Tag3"
"707",2015-11-10 08:44:46,"humi",51.7163696289063,"Tag3"
"708",2015-11-10 08:45:22,"humi",51.708740234375,"Tag3"
"709",2015-11-10 08:46:24,"humi",51.7316284179688,"Tag3"
"710",2015-11-10 08:47:26,"humi",51.7468872070313,"Tag3"
"711",2015-11-10 08:48:21,"humi",51.769775390625,"Tag3"
"712",2015-11-10 08:49:20,"humi",51.7545166015625,"Tag3"
"713",2015-11-10 08:50:21,"humi",51.7926635742188,"Tag3"
"714",2015-11-10 08:51:23,"humi",51.8460693359375,"Tag3"
"715",2015-11-10 08:52:18,"humi",51.8536987304688,"Tag3"
"716",2015-11-10 08:53:21,"humi",51.891845703125,"Tag3"
"717",2015-11-10 08:54:22,"humi",51.92236328125,"Tag3"
"718",2015-11-10 08:55:25,"humi",51.9071044921875,"Tag3"
"719",2015-11-10 08:56:22,"humi",51.9147338867188,"Tag3"
"720",2015-11-10 08:57:24,"humi",51.9299926757813,"Tag3"
"721",2015-11-10 08:58:23,"humi",51.9605102539063,"Tag3"
"722",2015-11-10 08:59:22,"humi",51.9605102539063,"Tag3"
"723",2015-11-10 09:00:24,"humi",51.9833984375,"Tag3"
"724",2015-11-10 09:01:22,"humi",52.013916015625,"Tag3"
"725",2015-11-10 09:02:18,"humi",51.9681396484375,"Tag3"
"726",2015-11-10 09:03:19,"humi",52.0062866210938,"Tag3"
"727",2015-11-10 09:04:16,"humi",52.0368041992188,"Tag3"
"728",2015-11-10 09:05:08,"humi",52.074951171875,"Tag3"
"729",2015-11-10 09:06:10,"humi",52.0825805664063,"Tag3"
"730",2015-11-10 09:07:07,"humi",52.074951171875,"Tag3"
"731",2015-11-10 09:08:10,"humi",52.1283569335938,"Tag3"
"732",2015-11-10 09:09:13,"humi",52.1283569335938,"Tag3"
"733",2015-11-10 09:10:15,"humi",52.1588745117188,"Tag3"
"734",2015-11-10 09:11:15,"humi",52.1817626953125,"Tag3"
"735",2015-11-10 09:12:18,"humi",52.2275390625,"Tag3"
"736",2015-11-10 09:13:21,"humi",52.1817626953125,"Tag3"
"737",2015-11-10 09:14:10,"humi",52.28857421875,"Tag3"
"738",2015-11-10 09:14:56,"humi",52.3648681640625,"Tag3"
"739",2015-11-10 09:15:59,"humi",52.4182739257813,"Tag3"
"740",2015-11-10 09:17:02,"humi",52.4869384765625,"Tag3"
"741",2015-11-10 09:18:03,"humi",52.563232421875,"Tag3"
"742",2015-11-10 09:19:00,"humi",52.7310791015625,"Tag3"
"743",2015-11-10 09:19:54,"humi",52.89892578125,"Tag3"
"744",2015-11-10 09:20:47,"humi",52.837890625,"Tag3"
"745",2015-11-10 09:21:26,"humi",52.8226318359375,"Tag3"
"746",2015-11-10 09:22:24,"humi",53.1964721679688,"Tag3"
"747",2015-11-10 09:23:27,"humi",53.3032836914063,"Tag3"
"748",2015-11-10 09:24:19,"humi",53.0438842773438,"Tag3"
"749",2015-11-10 09:25:01,"humi",53.2498779296875,"Tag3"
"750",2015-11-10 09:26:02,"humi",53.2422485351563,"Tag3"
"751",2015-11-10 09:27:04,"humi",53.2193603515625,"Tag3"
"752",2015-11-10 09:27:58,"humi",53.2193603515625,"Tag3"
"753",2015-11-10 09:28:46,"humi",53.4024658203125,"Tag3"
"754",2015-11-10 09:29:49,"humi",53.38720703125,"Tag3"
"755",2015-11-10 09:30:40,"humi",53.4253540039063,"Tag3"
"756",2015-11-10 09:31:34,"humi",53.5703125,"Tag3"
"757",2015-11-10 09:32:21,"humi",53.5932006835938,"Tag3"
"758",2015-11-10 09:33:18,"humi",53.7763061523438,"Tag3"
"759",2015-11-10 09:34:20,"humi",53.75341796875,"Tag3"
"760",2015-11-10 09:34:51,"humi",53.7686767578125,"Tag3"
"761",2015-11-10 09:35:25,"humi",53.7000122070313,"Tag3"
"762",2015-11-10 09:36:28,"humi",53.7991943359375,"Tag3"
"763",2015-11-10 09:37:25,"humi",53.7610473632813,"Tag3"
"764",2015-11-10 09:38:28,"humi",53.8526000976563,"Tag3"
"765",2015-11-10 09:39:24,"humi",54.0357055664063,"Tag3"
"766",2015-11-10 09:40:22,"humi",54.05859375,"Tag3"
"767",2015-11-10 09:41:12,"humi",54.2340698242188,"Tag3"
"768",2015-11-10 09:42:12,"humi",54.3103637695313,"Tag3"
"769",2015-11-10 09:43:07,"humi",54.2645874023438,"Tag3"
"770",2015-11-10 09:43:59,"humi",54.2645874023438,"Tag3"
"771",2015-11-10 09:44:54,"humi",54.4782104492188,"Tag3"
"772",2015-11-10 09:45:48,"humi",54.333251953125,"Tag3"
"773",2015-11-10 09:46:50,"humi",54.4705810546875,"Tag3"
"774",2015-11-10 09:47:36,"humi",54.5087280273438,"Tag3"
"775",2015-11-10 09:48:35,"humi",54.6918334960938,"Tag3"
"776",2015-11-10 09:49:25,"humi",54.5926513671875,"Tag3"
"777",2015-11-10 09:50:22,"humi",54.6689453125,"Tag3"
"778",2015-11-10 09:51:17,"humi",54.791015625,"Tag3"
"779",2015-11-10 09:52:15,"humi",54.7070922851563,"Tag3"
"780",2015-11-10 09:53:18,"humi",54.8673095703125,"Tag3"
"781",2015-11-10 09:54:21,"humi",54.8978271484375,"Tag3"
"782",2015-11-10 09:55:14,"humi",54.9893798828125,"Tag3"
"783",2015-11-10 09:55:58,"humi",55.1572265625,"Tag3"
"784",2015-11-10 09:56:59,"humi",55.4547729492188,"Tag3"
"785",2015-11-10 09:57:59,"humi",55.5234375,"Tag3"
"786",2015-11-10 09:59:00,"humi",55.737060546875,"Tag3"
"787",2015-11-10 09:59:57,"humi",56.042236328125,"Tag3"
"788",2015-11-10 10:01:00,"humi",56.2100830078125,"Tag3"
"789",2015-11-10 10:02:00,"humi",56.2406005859375,"Tag3"
"790",2015-11-10 10:02:56,"humi",56.3626708984375,"Tag3"
"791",2015-11-10 10:03:59,"humi",56.4237060546875,"Tag3"
"792",2015-11-10 10:04:46,"humi",56.3703002929688,"Tag3"
"793",2015-11-10 10:05:38,"humi",56.3855590820313,"Tag3"
"794",2015-11-10 10:06:40,"humi",56.43896484375,"Tag3"
"795",2015-11-10 10:07:38,"humi",56.5457763671875,"Tag3"
"796",2015-11-10 10:08:32,"humi",56.5686645507813,"Tag3"
"797",2015-11-10 10:09:30,"humi",56.5839233398438,"Tag3"
"798",2015-11-10 10:10:30,"humi",56.4618530273438,"Tag3"
"799",2015-11-10 10:11:18,"humi",56.43896484375,"Tag3"
"800",2015-11-10 10:12:07,"humi",56.5076293945313,"Tag3"
"801",2015-11-10 10:13:09,"humi",56.6144409179688,"Tag3"
"802",2015-11-10 10:14:08,"humi",56.6373291015625,"Tag3"
"803",2015-11-10 10:15:03,"humi",56.5762939453125,"Tag3"
"804",2015-11-10 10:16:06,"humi",56.6678466796875,"Tag3"
"805",2015-11-10 10:16:59,"humi",56.6602172851563,"Tag3"
"806",2015-11-10 10:17:45,"humi",56.6144409179688,"Tag3"
"807",2015-11-10 10:18:45,"humi",56.7899169921875,"Tag3"
"808",2015-11-10 10:19:45,"humi",56.896728515625,"Tag3"
"809",2015-11-10 10:20:43,"humi",56.9348754882813,"Tag3"
"810",2015-11-10 10:21:37,"humi",56.9806518554688,"Tag3"
"811",2015-11-10 10:22:39,"humi",57.0264282226563,"Tag3"
"812",2015-11-10 10:23:42,"humi",57.2171630859375,"Tag3"
"813",2015-11-10 10:24:43,"humi",57.0950927734375,"Tag3"
"814",2015-11-10 10:25:45,"humi",57.04931640625,"Tag3"
"815",2015-11-10 10:26:40,"humi",57.0340576171875,"Tag3"
"816",2015-11-10 10:27:40,"humi",57.0340576171875,"Tag3"
"817",2015-11-10 10:28:41,"humi",56.98828125,"Tag3"
"818",2015-11-10 10:29:38,"humi",56.9501342773438,"Tag3"
"819",2015-11-10 10:30:31,"humi",56.9806518554688,"Tag3"
"820",2015-11-10 10:31:28,"humi",56.957763671875,"Tag3"
"821",2015-11-10 10:32:21,"humi",56.9119873046875,"Tag3"
"822",2015-11-10 10:33:11,"humi",56.7822875976563,"Tag3"
"823",2015-11-10 10:33:52,"humi",56.9043579101563,"Tag3"
"824",2015-11-10 10:34:54,"humi",56.98828125,"Tag3"
"825",2015-11-10 10:35:51,"humi",56.9730224609375,"Tag3"
"826",2015-11-10 10:36:54,"humi",56.9806518554688,"Tag3"
"827",2015-11-10 10:37:43,"humi",57.018798828125,"Tag3"
"828",2015-11-10 10:38:46,"humi",56.9730224609375,"Tag3"
"829",2015-11-10 10:39:48,"humi",56.98828125,"Tag3"
"830",2015-11-10 10:40:46,"humi",56.8509521484375,"Tag3"
"831",2015-11-10 10:41:49,"humi",56.9119873046875,"Tag3"
"832",2015-11-10 10:42:50,"humi",56.8128051757813,"Tag3"
"833",2015-11-10 10:43:49,"humi",56.835693359375,"Tag3"
"834",2015-11-10 10:44:42,"humi",56.6907348632813,"Tag3"
"835",2015-11-10 10:45:45,"humi",56.713623046875,"Tag3"
"836",2015-11-10 10:46:48,"humi",56.7975463867188,"Tag3"
"837",2015-11-10 10:47:50,"humi",56.7288818359375,"Tag3"
"838",2015-11-10 10:48:49,"humi",56.713623046875,"Tag3"
"839",2015-11-10 10:49:39,"humi",56.774658203125,"Tag3"
"840",2015-11-10 10:50:39,"humi",56.6983642578125,"Tag3"
"841",2015-11-10 10:51:34,"humi",56.6373291015625,"Tag3"
"842",2015-11-10 10:52:31,"humi",56.6068115234375,"Tag3"
"843",2015-11-10 10:53:26,"humi",56.6144409179688,"Tag3"
"844",2015-11-10 10:54:28,"humi",56.5686645507813,"Tag3"
"845",2015-11-10 10:55:31,"humi",56.5991821289063,"Tag3"
"846",2015-11-10 10:56:34,"humi",56.5381469726563,"Tag3"
"847",2015-11-10 10:57:36,"humi",56.5228881835938,"Tag3"
"848",2015-11-10 10:58:39,"humi",56.5228881835938,"Tag3"
"849",2015-11-10 10:59:41,"humi",56.5,"Tag3"
"850",2015-11-10 11:00:40,"humi",56.4542236328125,"Tag3"
"851",2015-11-10 11:01:43,"humi",56.4465942382813,"Tag3"
"852",2015-11-10 11:02:40,"humi",56.4237060546875,"Tag3"
"853",2015-11-10 11:03:42,"humi",56.5076293945313,"Tag3"
"854",2015-11-10 11:04:43,"humi",56.5,"Tag3"
"855",2015-11-10 11:05:42,"humi",56.4008178710938,"Tag3"
"856",2015-11-10 11:06:44,"humi",56.4008178710938,"Tag3"
"857",2015-11-10 11:07:46,"humi",56.3779296875,"Tag3"
"858",2015-11-10 11:08:48,"humi",56.3245239257813,"Tag3"
"859",2015-11-10 11:09:38,"humi",56.3016357421875,"Tag3"
"860",2015-11-10 11:10:37,"humi",56.286376953125,"Tag3"
"861",2015-11-10 11:11:32,"humi",56.2634887695313,"Tag3"
"862",2015-11-10 11:12:34,"humi",56.2329711914063,"Tag3"
"863",2015-11-10 11:13:35,"humi",56.2329711914063,"Tag3"
"864",2015-11-10 11:14:24,"humi",56.2329711914063,"Tag3"
"865",2015-11-10 11:15:25,"humi",56.225341796875,"Tag3"
"866",2015-11-10 11:16:16,"humi",56.2177124023438,"Tag3"
"867",2015-11-10 11:17:10,"humi",56.2024536132813,"Tag3"
"868",2015-11-10 11:18:03,"humi",56.1795654296875,"Tag3"
"869",2015-11-10 11:18:59,"humi",56.1795654296875,"Tag3"
"870",2015-11-10 11:20:00,"humi",56.2482299804688,"Tag3"
"871",2015-11-10 11:21:02,"humi",56.2100830078125,"Tag3"
"872",2015-11-10 11:21:47,"humi",56.2024536132813,"Tag3"
"873",2015-11-10 11:22:38,"humi",56.2482299804688,"Tag3"
"874",2015-11-10 11:23:41,"humi",56.3626708984375,"Tag3"
"875",2015-11-10 11:24:33,"humi",56.286376953125,"Tag3"
"876",2015-11-10 11:25:35,"humi",56.3092651367188,"Tag3"
"877",2015-11-10 11:26:36,"humi",56.2787475585938,"Tag3"
"878",2015-11-10 11:27:38,"humi",56.2634887695313,"Tag3"
"879",2015-11-10 11:28:37,"humi",56.255859375,"Tag3"
"880",2015-11-10 11:29:40,"humi",56.2482299804688,"Tag3"
"881",2015-11-10 11:30:42,"humi",56.347412109375,"Tag3"
"882",2015-11-10 11:31:43,"humi",56.2100830078125,"Tag3"
"883",2015-11-10 11:32:42,"humi",56.1719360351563,"Tag3"
"884",2015-11-10 11:33:34,"humi",56.164306640625,"Tag3"
"885",2015-11-10 11:34:36,"humi",56.164306640625,"Tag3"
"886",2015-11-10 11:35:33,"humi",56.1490478515625,"Tag3"
"887",2015-11-10 11:36:31,"humi",56.1337890625,"Tag3"
"888",2015-11-10 11:37:33,"humi",56.0956420898438,"Tag3"
"889",2015-11-10 11:38:35,"humi",56.1490478515625,"Tag3"
"890",2015-11-10 11:39:38,"humi",56.1490478515625,"Tag3"
"891",2015-11-10 11:40:35,"humi",56.07275390625,"Tag3"
"892",2015-11-10 11:41:33,"humi",56.0651245117188,"Tag3"
"893",2015-11-10 11:42:36,"humi",56.0040893554688,"Tag3"
"894",2015-11-10 11:43:33,"humi",56.0346069335938,"Tag3"
"895",2015-11-10 04:40:10,"batt",2.98716200021534,"Tag3"
"896",2015-11-10 04:41:00,"batt",2.98715726320972,"Tag3"
"897",2015-11-10 04:41:59,"batt",2.98715252620409,"Tag3"
"898",2015-11-10 04:43:01,"batt",2.98715726320972,"Tag3"
"899",2015-11-10 04:44:01,"batt",2.98716200021534,"Tag3"
"900",2015-11-10 04:44:53,"batt",2.98715726320972,"Tag3"
"901",2015-11-10 04:45:52,"batt",2.98716200021534,"Tag3"
"902",2015-11-10 04:46:39,"batt",2.98716200021534,"Tag3"
"903",2015-11-10 04:47:37,"batt",2.98715726320972,"Tag3"
"904",2015-11-10 04:48:37,"batt",2.98715726320972,"Tag3"
"905",2015-11-10 04:49:37,"batt",2.98715726320972,"Tag3"
"906",2015-11-10 04:50:38,"batt",2.98716200021534,"Tag3"
"907",2015-11-10 04:51:35,"batt",2.98716200021534,"Tag3"
"908",2015-11-10 04:52:37,"batt",2.98716200021534,"Tag3"
"909",2015-11-10 04:53:35,"batt",2.98716200021534,"Tag3"
"910",2015-11-10 04:54:38,"batt",2.98716200021534,"Tag3"
"911",2015-11-10 04:55:40,"batt",2.98716200021534,"Tag3"
"912",2015-11-10 04:56:38,"batt",2.98715726320972,"Tag3"
"913",2015-11-10 04:57:41,"batt",2.98715726320972,"Tag3"
"914",2015-11-10 04:58:43,"batt",2.98716200021534,"Tag3"
"915",2015-11-10 04:59:31,"batt",2.98716200021534,"Tag3"
"916",2015-11-10 05:00:25,"batt",2.98716200021534,"Tag3"
"917",2015-11-10 05:01:18,"batt",2.98716200021534,"Tag3"
"918",2015-11-10 05:02:18,"batt",2.98716200021534,"Tag3"
"919",2015-11-10 05:03:21,"batt",2.98716673722096,"Tag3"
"920",2015-11-10 05:04:14,"batt",2.98716673722096,"Tag3"
"921",2015-11-10 05:05:15,"batt",2.98716673722096,"Tag3"
"922",2015-11-10 05:05:59,"batt",2.97038490161859,"Tag3"
"923",2015-11-10 05:07:02,"batt",2.98716200021534,"Tag3"
"924",2015-11-10 05:07:57,"batt",2.98716200021534,"Tag3"
"925",2015-11-10 05:08:56,"batt",2.98716673722096,"Tag3"
"926",2015-11-10 05:09:55,"batt",2.98716200021534,"Tag3"
"927",2015-11-10 05:10:56,"batt",2.98716673722096,"Tag3"
"928",2015-11-10 05:11:55,"batt",2.98716673722096,"Tag3"
"929",2015-11-10 05:12:57,"batt",2.98716200021534,"Tag3"
"930",2015-11-10 05:13:54,"batt",2.98716673722096,"Tag3"
"931",2015-11-10 05:14:46,"batt",2.98716673722096,"Tag3"
"932",2015-11-10 05:15:41,"batt",2.98715726320972,"Tag3"
"933",2015-11-10 05:16:42,"batt",2.98716200021534,"Tag3"
"934",2015-11-10 05:17:42,"batt",2.98716200021534,"Tag3"
"935",2015-11-10 05:18:44,"batt",2.98716200021534,"Tag3"
"936",2015-11-10 05:19:47,"batt",2.98716673722096,"Tag3"
"937",2015-11-10 05:20:48,"batt",2.98716673722096,"Tag3"
"938",2015-11-10 05:21:44,"batt",2.98716673722096,"Tag3"
"939",2015-11-10 05:22:44,"batt",2.98716673722096,"Tag3"
"940",2015-11-10 05:23:43,"batt",2.98716673722096,"Tag3"
"941",2015-11-10 05:24:38,"batt",2.98716673722096,"Tag3"
"942",2015-11-10 05:25:41,"batt",2.98716673722096,"Tag3"
"943",2015-11-10 05:26:37,"batt",2.98716200021534,"Tag3"
"944",2015-11-10 05:27:38,"batt",2.98716200021534,"Tag3"
"945",2015-11-10 05:28:37,"batt",2.98716673722096,"Tag3"
"946",2015-11-10 05:29:28,"batt",2.98717147422658,"Tag3"
"947",2015-11-10 05:30:15,"batt",2.98717147422658,"Tag3"
"948",2015-11-10 05:31:18,"batt",2.9871762112322,"Tag3"
"949",2015-11-10 05:32:19,"batt",2.98717147422658,"Tag3"
"950",2015-11-10 05:33:12,"batt",2.98716673722096,"Tag3"
"951",2015-11-10 05:34:13,"batt",2.98716673722096,"Tag3"
"952",2015-11-10 05:35:16,"batt",2.98717147422658,"Tag3"
"953",2015-11-10 05:36:18,"batt",2.98717147422658,"Tag3"
"954",2015-11-10 05:37:20,"batt",2.98716673722096,"Tag3"
"955",2015-11-10 05:38:13,"batt",2.98717147422658,"Tag3"
"956",2015-11-10 05:39:10,"batt",2.98716673722096,"Tag3"
"957",2015-11-10 05:40:08,"batt",2.98717147422658,"Tag3"
"958",2015-11-10 05:41:11,"batt",2.98716673722096,"Tag3"
"959",2015-11-10 05:41:52,"batt",2.98716673722096,"Tag3"
"960",2015-11-10 05:42:48,"batt",2.98716673722096,"Tag3"
"961",2015-11-10 05:43:43,"batt",2.98717147422658,"Tag3"
"962",2015-11-10 05:44:39,"batt",2.98717147422658,"Tag3"
"963",2015-11-10 05:45:42,"batt",2.98717147422658,"Tag3"
"964",2015-11-10 05:46:43,"batt",2.98717147422658,"Tag3"
"965",2015-11-10 05:47:36,"batt",2.98717147422658,"Tag3"
"966",2015-11-10 05:48:33,"batt",2.98717147422658,"Tag3"
"967",2015-11-10 05:49:35,"batt",2.98717147422658,"Tag3"
"968",2015-11-10 05:50:37,"batt",2.98717147422658,"Tag3"
"969",2015-11-10 05:51:37,"batt",2.98717147422658,"Tag3"
"970",2015-11-10 05:52:31,"batt",2.9871762112322,"Tag3"
"971",2015-11-10 05:53:34,"batt",2.98717147422658,"Tag3"
"972",2015-11-10 05:54:30,"batt",2.9871762112322,"Tag3"
"973",2015-11-10 05:55:29,"batt",2.98717147422658,"Tag3"
"974",2015-11-10 05:56:31,"batt",2.9871762112322,"Tag3"
"975",2015-11-10 05:57:09,"batt",2.98717147422658,"Tag3"
"976",2015-11-10 05:58:12,"batt",2.98717147422658,"Tag3"
"977",2015-11-10 05:59:05,"batt",2.9871762112322,"Tag3"
"978",2015-11-10 06:00:08,"batt",2.98717147422658,"Tag3"
"979",2015-11-10 06:01:01,"batt",2.98716673722096,"Tag3"
"980",2015-11-10 06:02:02,"batt",2.98717147422658,"Tag3"
"981",2015-11-10 06:03:05,"batt",2.9871762112322,"Tag3"
"982",2015-11-10 06:04:01,"batt",2.9871762112322,"Tag3"
"983",2015-11-10 06:04:56,"batt",2.9871762112322,"Tag3"
"984",2015-11-10 06:05:56,"batt",2.9871762112322,"Tag3"
"985",2015-11-10 06:06:45,"batt",2.98717147422658,"Tag3"
"986",2015-11-10 06:07:40,"batt",2.98717147422658,"Tag3"
"987",2015-11-10 06:08:30,"batt",2.98717147422658,"Tag3"
"988",2015-11-10 06:09:27,"batt",2.9871762112322,"Tag3"
"989",2015-11-10 06:10:15,"batt",2.9871762112322,"Tag3"
"990",2015-11-10 06:11:18,"batt",2.98717147422658,"Tag3"
"991",2015-11-10 06:12:14,"batt",2.9871762112322,"Tag3"
"992",2015-11-10 06:13:15,"batt",2.98718094908026,"Tag3"
"993",2015-11-10 06:14:17,"batt",2.9871762112322,"Tag3"
"994",2015-11-10 06:15:05,"batt",2.98718094908026,"Tag3"
"995",2015-11-10 06:16:07,"batt",2.9871762112322,"Tag3"
"996",2015-11-10 06:17:02,"batt",2.98717147422658,"Tag3"
"997",2015-11-10 06:18:05,"batt",2.9871762112322,"Tag3"
"998",2015-11-10 06:19:02,"batt",2.9871762112322,"Tag3"
"999",2015-11-10 06:20:01,"batt",2.9871762112322,"Tag3"
"1000",2015-11-10 06:20:55,"batt",2.9871762112322,"Tag3"
"1001",2015-11-10 06:21:55,"batt",2.9871762112322,"Tag3"
"1002",2015-11-10 06:22:47,"batt",2.9871762112322,"Tag3"
"1003",2015-11-10 06:23:41,"batt",2.9871762112322,"Tag3"
"1004",2015-11-10 06:24:43,"batt",2.98718094908026,"Tag3"
"1005",2015-11-10 06:25:40,"batt",2.98717147422658,"Tag3"
"1006",2015-11-10 06:26:42,"batt",2.98717147422658,"Tag3"
"1007",2015-11-10 06:27:45,"batt",2.98718094908026,"Tag3"
"1008",2015-11-10 06:28:48,"batt",2.98718094908026,"Tag3"
"1009",2015-11-10 06:29:45,"batt",2.9871762112322,"Tag3"
"1010",2015-11-10 06:30:47,"batt",2.98718094908026,"Tag3"
"1011",2015-11-10 06:31:46,"batt",2.98718094908026,"Tag3"
"1012",2015-11-10 06:32:38,"batt",2.98718094908026,"Tag3"
"1013",2015-11-10 06:33:31,"batt",2.9871762112322,"Tag3"
"1014",2015-11-10 06:34:33,"batt",2.98718094908026,"Tag3"
"1015",2015-11-10 06:35:37,"batt",2.9871762112322,"Tag3"
"1016",2015-11-10 06:36:02,"batt",2.97039432240505,"Tag3"
"1017",2015-11-10 06:36:38,"batt",2.98718094908026,"Tag3"
"1018",2015-11-10 06:36:39,"batt",2.98718094908026,"Tag3"
"1019",2015-11-10 06:37:16,"batt",2.98718094908026,"Tag3"
"1020",2015-11-10 06:38:14,"batt",2.9871762112322,"Tag3"
"1021",2015-11-10 06:39:14,"batt",2.98718094908026,"Tag3"
"1022",2015-11-10 06:40:10,"batt",2.9871762112322,"Tag3"
"1023",2015-11-10 06:41:05,"batt",2.98718094908026,"Tag3"
"1024",2015-11-10 06:42:07,"batt",2.9871762112322,"Tag3"
"1025",2015-11-10 06:43:06,"batt",2.9871762112322,"Tag3"
"1026",2015-11-10 06:44:02,"batt",2.9871762112322,"Tag3"
"1027",2015-11-10 06:45:04,"batt",2.98718094908026,"Tag3"
"1028",2015-11-10 06:45:55,"batt",2.98718094908026,"Tag3"
"1029",2015-11-10 06:46:33,"batt",2.98718568608588,"Tag3"
"1030",2015-11-10 06:47:23,"batt",2.98718568608588,"Tag3"
"1031",2015-11-10 06:48:14,"batt",2.98718094908026,"Tag3"
"1032",2015-11-10 06:49:13,"batt",2.98718094908026,"Tag3"
"1033",2015-11-10 06:49:55,"batt",2.98718094908026,"Tag3"
"1034",2015-11-10 06:50:56,"batt",2.98718094908026,"Tag3"
"1035",2015-11-10 06:51:59,"batt",2.98718568608588,"Tag3"
"1036",2015-11-10 06:52:58,"batt",2.98718568608588,"Tag3"
"1037",2015-11-10 06:53:53,"batt",2.98718568608588,"Tag3"
"1038",2015-11-10 06:54:41,"batt",2.9871762112322,"Tag3"
"1039",2015-11-10 06:55:41,"batt",2.98718568608588,"Tag3"
"1040",2015-11-10 06:56:42,"batt",2.98718094908026,"Tag3"
"1041",2015-11-10 06:57:45,"batt",2.98718568608588,"Tag3"
"1042",2015-11-10 06:58:47,"batt",2.98718568608588,"Tag3"
"1043",2015-11-10 06:59:46,"batt",2.98718094908026,"Tag3"
"1044",2015-11-10 07:00:49,"batt",2.9871904230915,"Tag3"
"1045",2015-11-10 07:01:52,"batt",2.9871904230915,"Tag3"
"1046",2015-11-10 07:02:36,"batt",2.98718094908026,"Tag3"
"1047",2015-11-10 07:03:38,"batt",2.98718568608588,"Tag3"
"1048",2015-11-10 07:04:32,"batt",2.98718568608588,"Tag3"
"1049",2015-11-10 07:05:32,"batt",2.9871904230915,"Tag3"
"1050",2015-11-10 07:06:11,"batt",2.98718568608588,"Tag3"
"1051",2015-11-10 07:07:06,"batt",2.98718568608588,"Tag3"
"1052",2015-11-10 07:08:08,"batt",2.98718568608588,"Tag3"
"1053",2015-11-10 07:09:06,"batt",2.98718568608588,"Tag3"
"1054",2015-11-10 07:09:51,"batt",2.98718568608588,"Tag3"
"1055",2015-11-10 07:10:46,"batt",2.9871904230915,"Tag3"
"1056",2015-11-10 07:11:38,"batt",2.98718568608588,"Tag3"
"1057",2015-11-10 07:12:33,"batt",2.98718568608588,"Tag3"
"1058",2015-11-10 07:13:35,"batt",2.98718568608588,"Tag3"
"1059",2015-11-10 07:14:36,"batt",2.9871904230915,"Tag3"
"1060",2015-11-10 07:15:36,"batt",2.98718568608588,"Tag3"
"1061",2015-11-10 07:16:33,"batt",2.98718568608588,"Tag3"
"1062",2015-11-10 07:17:32,"batt",2.98718094908026,"Tag3"
"1063",2015-11-10 07:18:34,"batt",2.98718568608588,"Tag3"
"1064",2015-11-10 07:19:34,"batt",2.9871904230915,"Tag3"
"1065",2015-11-10 07:20:27,"batt",2.9871904230915,"Tag3"
"1066",2015-11-10 07:21:30,"batt",2.98718568608588,"Tag3"
"1067",2015-11-10 07:22:28,"batt",2.9871904230915,"Tag3"
"1068",2015-11-10 07:23:18,"batt",2.9871904230915,"Tag3"
"1069",2015-11-10 07:24:19,"batt",2.98718568608588,"Tag3"
"1070",2015-11-10 07:24:57,"batt",2.9871904230915,"Tag3"
"1071",2015-11-10 07:25:59,"batt",2.98718568608588,"Tag3"
"1072",2015-11-10 07:26:59,"batt",2.9871904230915,"Tag3"
"1073",2015-11-10 07:27:49,"batt",2.98719516009712,"Tag3"
"1074",2015-11-10 07:28:51,"batt",2.98718568608588,"Tag3"
"1075",2015-11-10 07:29:29,"batt",2.9871904230915,"Tag3"
"1076",2015-11-10 07:30:31,"batt",2.9871904230915,"Tag3"
"1077",2015-11-10 07:31:24,"batt",2.98719516009712,"Tag3"
"1078",2015-11-10 07:32:25,"batt",2.9871904230915,"Tag3"
"1079",2015-11-10 07:33:28,"batt",2.9871904230915,"Tag3"
"1080",2015-11-10 07:34:23,"batt",2.9871904230915,"Tag3"
"1081",2015-11-10 07:35:26,"batt",2.9871904230915,"Tag3"
"1082",2015-11-10 07:36:21,"batt",2.9871904230915,"Tag3"
"1083",2015-11-10 07:37:23,"batt",2.98718568608588,"Tag3"
"1084",2015-11-10 07:38:26,"batt",2.9871904230915,"Tag3"
"1085",2015-11-10 07:39:29,"batt",2.9871904230915,"Tag3"
"1086",2015-11-10 07:40:31,"batt",2.98718568608588,"Tag3"
"1087",2015-11-10 07:41:32,"batt",2.9871904230915,"Tag3"
"1088",2015-11-10 07:42:33,"batt",2.98719516009712,"Tag3"
"1089",2015-11-10 07:43:11,"batt",2.9871904230915,"Tag3"
"1090",2015-11-10 07:44:12,"batt",2.9871904230915,"Tag3"
"1091",2015-11-10 07:45:10,"batt",2.98718568608588,"Tag3"
"1092",2015-11-10 07:46:12,"batt",2.9871904230915,"Tag3"
"1093",2015-11-10 07:47:08,"batt",2.9871904230915,"Tag3"
"1094",2015-11-10 07:48:11,"batt",2.9871904230915,"Tag3"
"1095",2015-11-10 07:49:06,"batt",2.9871904230915,"Tag3"
"1096",2015-11-10 07:49:55,"batt",2.9871904230915,"Tag3"
"1097",2015-11-10 07:50:33,"batt",2.9871904230915,"Tag3"
"1098",2015-11-10 07:51:18,"batt",2.9871904230915,"Tag3"
"1099",2015-11-10 07:51:58,"batt",2.98718568608588,"Tag3"
"1100",2015-11-10 07:52:53,"batt",2.9871904230915,"Tag3"
"1101",2015-11-10 07:53:52,"batt",2.98718568608588,"Tag3"
"1102",2015-11-10 07:54:30,"batt",2.9871904230915,"Tag3"
"1103",2015-11-10 07:55:31,"batt",2.98719516009712,"Tag3"
"1104",2015-11-10 07:56:24,"batt",2.98719516009712,"Tag3"
"1105",2015-11-10 07:57:19,"batt",2.9871904230915,"Tag3"
"1106",2015-11-10 07:58:22,"batt",2.9871904230915,"Tag3"
"1107",2015-11-10 07:59:21,"batt",2.98718568608588,"Tag3"
"1108",2015-11-10 08:00:16,"batt",2.9871904230915,"Tag3"
"1109",2015-11-10 08:01:18,"batt",2.98719989710274,"Tag3"
"1110",2015-11-10 08:02:09,"batt",2.9871904230915,"Tag3"
"1111",2015-11-10 08:03:11,"batt",2.9871904230915,"Tag3"
"1112",2015-11-10 08:04:13,"batt",2.9871904230915,"Tag3"
"1113",2015-11-10 08:05:16,"batt",2.98719516009712,"Tag3"
"1114",2015-11-10 08:06:08,"batt",2.9871904230915,"Tag3"
"1115",2015-11-10 08:07:10,"batt",2.98719516009712,"Tag3"
"1116",2015-11-10 08:07:53,"batt",2.9871904230915,"Tag3"
"1117",2015-11-10 08:08:51,"batt",2.98719516009712,"Tag3"
"1118",2015-11-10 08:09:52,"batt",2.98719516009712,"Tag3"
"1119",2015-11-10 08:10:54,"batt",2.9871904230915,"Tag3"
"1120",2015-11-10 08:11:49,"batt",2.98719516009712,"Tag3"
"1121",2015-11-10 08:12:47,"batt",2.9871904230915,"Tag3"
"1122",2015-11-10 08:13:50,"batt",2.98718568608588,"Tag3"
"1123",2015-11-10 08:14:47,"batt",2.9871904230915,"Tag3"
"1124",2015-11-10 08:15:50,"batt",2.98718568608588,"Tag3"
"1125",2015-11-10 08:16:51,"batt",2.9871904230915,"Tag3"
"1126",2015-11-10 08:17:49,"batt",2.9871904230915,"Tag3"
"1127",2015-11-10 08:18:38,"batt",2.9871904230915,"Tag3"
"1128",2015-11-10 08:19:41,"batt",2.9871904230915,"Tag3"
"1129",2015-11-10 08:20:40,"batt",2.9871904230915,"Tag3"
"1130",2015-11-10 08:21:43,"batt",2.9871904230915,"Tag3"
"1131",2015-11-10 08:22:44,"batt",2.98719516009712,"Tag3"
"1132",2015-11-10 08:23:40,"batt",2.9871904230915,"Tag3"
"1133",2015-11-10 08:24:39,"batt",2.9871904230915,"Tag3"
"1134",2015-11-10 08:25:36,"batt",2.9871904230915,"Tag3"
"1135",2015-11-10 08:26:34,"batt",2.98718568608588,"Tag3"
"1136",2015-11-10 08:27:20,"batt",2.9871904230915,"Tag3"
"1137",2015-11-10 08:28:19,"batt",2.9871904230915,"Tag3"
"1138",2015-11-10 08:29:21,"batt",2.9871904230915,"Tag3"
"1139",2015-11-10 08:30:24,"batt",2.9871904230915,"Tag3"
"1140",2015-11-10 08:31:21,"batt",2.98718094908026,"Tag3"
"1141",2015-11-10 08:32:22,"batt",2.9871904230915,"Tag3"
"1142",2015-11-10 08:33:24,"batt",2.9871904230915,"Tag3"
"1143",2015-11-10 08:34:16,"batt",2.9871904230915,"Tag3"
"1144",2015-11-10 08:35:17,"batt",2.9871904230915,"Tag3"
"1145",2015-11-10 08:36:15,"batt",2.9871904230915,"Tag3"
"1146",2015-11-10 08:37:14,"batt",2.9871904230915,"Tag3"
"1147",2015-11-10 08:38:11,"batt",2.98718568608588,"Tag3"
"1148",2015-11-10 08:39:11,"batt",2.9871904230915,"Tag3"
"1149",2015-11-10 08:40:11,"batt",2.97040374402922,"Tag3"
"1150",2015-11-10 08:41:09,"batt",2.9871904230915,"Tag3"
"1151",2015-11-10 08:42:07,"batt",2.9871904230915,"Tag3"
"1152",2015-11-10 08:43:04,"batt",2.98718568608588,"Tag3"
"1153",2015-11-10 08:44:02,"batt",2.98718568608588,"Tag3"
"1154",2015-11-10 08:44:46,"batt",2.98718568608588,"Tag3"
"1155",2015-11-10 08:45:22,"batt",2.98718568608588,"Tag3"
"1156",2015-11-10 08:46:24,"batt",2.98718568608588,"Tag3"
"1157",2015-11-10 08:47:26,"batt",2.9871904230915,"Tag3"
"1158",2015-11-10 08:48:21,"batt",2.98718568608588,"Tag3"
"1159",2015-11-10 08:49:20,"batt",2.98718094908026,"Tag3"
"1160",2015-11-10 08:50:21,"batt",2.98718568608588,"Tag3"
"1161",2015-11-10 08:51:23,"batt",2.98718568608588,"Tag3"
"1162",2015-11-10 08:52:18,"batt",2.98718568608588,"Tag3"
"1163",2015-11-10 08:53:21,"batt",2.98718568608588,"Tag3"
"1164",2015-11-10 08:54:22,"batt",2.98718568608588,"Tag3"
"1165",2015-11-10 08:55:25,"batt",2.98718568608588,"Tag3"
"1166",2015-11-10 08:56:22,"batt",2.98718568608588,"Tag3"
"1167",2015-11-10 08:57:24,"batt",2.98718568608588,"Tag3"
"1168",2015-11-10 08:58:23,"batt",2.98718568608588,"Tag3"
"1169",2015-11-10 08:59:22,"batt",2.98718568608588,"Tag3"
"1170",2015-11-10 09:00:24,"batt",2.98718094908026,"Tag3"
"1171",2015-11-10 09:01:22,"batt",2.9871762112322,"Tag3"
"1172",2015-11-10 09:02:18,"batt",2.98718568608588,"Tag3"
"1173",2015-11-10 09:03:19,"batt",2.98718568608588,"Tag3"
"1174",2015-11-10 09:04:16,"batt",2.98718568608588,"Tag3"
"1175",2015-11-10 09:05:08,"batt",2.98718568608588,"Tag3"
"1176",2015-11-10 09:06:10,"batt",2.98718568608588,"Tag3"
"1177",2015-11-10 09:07:07,"batt",2.98718568608588,"Tag3"
"1178",2015-11-10 09:08:10,"batt",2.98718094908026,"Tag3"
"1179",2015-11-10 09:09:13,"batt",2.98718568608588,"Tag3"
"1180",2015-11-10 09:10:15,"batt",2.9871904230915,"Tag3"
"1181",2015-11-10 09:11:15,"batt",2.98718094908026,"Tag3"
"1182",2015-11-10 09:12:18,"batt",2.98718094908026,"Tag3"
"1183",2015-11-10 09:13:21,"batt",2.98718568608588,"Tag3"
"1184",2015-11-10 09:14:10,"batt",2.98718094908026,"Tag3"
"1185",2015-11-10 09:14:56,"batt",2.98718568608588,"Tag3"
"1186",2015-11-10 09:15:59,"batt",2.98718094908026,"Tag3"
"1187",2015-11-10 09:17:02,"batt",2.98718568608588,"Tag3"
"1188",2015-11-10 09:18:03,"batt",2.98718094908026,"Tag3"
"1189",2015-11-10 09:19:00,"batt",2.98718094908026,"Tag3"
"1190",2015-11-10 09:19:54,"batt",2.98718094908026,"Tag3"
"1191",2015-11-10 09:20:47,"batt",2.98718094908026,"Tag3"
"1192",2015-11-10 09:21:26,"batt",2.98718568608588,"Tag3"
"1193",2015-11-10 09:22:24,"batt",2.98718094908026,"Tag3"
"1194",2015-11-10 09:23:27,"batt",2.9871762112322,"Tag3"
"1195",2015-11-10 09:24:19,"batt",2.9871762112322,"Tag3"
"1196",2015-11-10 09:25:01,"batt",2.9871762112322,"Tag3"
"1197",2015-11-10 09:26:02,"batt",2.9871762112322,"Tag3"
"1198",2015-11-10 09:27:04,"batt",2.98717147422658,"Tag3"
"1199",2015-11-10 09:27:58,"batt",2.98717147422658,"Tag3"
"1200",2015-11-10 09:28:46,"batt",2.9871762112322,"Tag3"
"1201",2015-11-10 09:29:49,"batt",2.9871762112322,"Tag3"
"1202",2015-11-10 09:30:40,"batt",2.9871762112322,"Tag3"
"1203",2015-11-10 09:31:34,"batt",2.9871762112322,"Tag3"
"1204",2015-11-10 09:32:21,"batt",2.98718094908026,"Tag3"
"1205",2015-11-10 09:33:18,"batt",2.98717147422658,"Tag3"
"1206",2015-11-10 09:34:20,"batt",2.9871762112322,"Tag3"
"1207",2015-11-10 09:34:51,"batt",2.97038490161859,"Tag3"
"1208",2015-11-10 09:35:25,"batt",2.98717147422658,"Tag3"
"1209",2015-11-10 09:36:28,"batt",2.98717147422658,"Tag3"
"1210",2015-11-10 09:37:25,"batt",2.98717147422658,"Tag3"
"1211",2015-11-10 09:38:28,"batt",2.98716673722096,"Tag3"
"1212",2015-11-10 09:39:24,"batt",2.98716673722096,"Tag3"
"1213",2015-11-10 09:40:22,"batt",2.98716673722096,"Tag3"
"1214",2015-11-10 09:41:12,"batt",2.98716200021534,"Tag3"
"1215",2015-11-10 09:42:12,"batt",2.98716200021534,"Tag3"
"1216",2015-11-10 09:43:07,"batt",2.98716673722096,"Tag3"
"1217",2015-11-10 09:43:59,"batt",2.98716673722096,"Tag3"
"1218",2015-11-10 09:44:54,"batt",2.98716200021534,"Tag3"
"1219",2015-11-10 09:45:48,"batt",2.98716200021534,"Tag3"
"1220",2015-11-10 09:46:50,"batt",2.98716673722096,"Tag3"
"1221",2015-11-10 09:47:36,"batt",2.98715726320972,"Tag3"
"1222",2015-11-10 09:48:35,"batt",2.98716200021534,"Tag3"
"1223",2015-11-10 09:49:25,"batt",2.98716200021534,"Tag3"
"1224",2015-11-10 09:50:22,"batt",2.98715726320972,"Tag3"
"1225",2015-11-10 09:51:17,"batt",2.98716200021534,"Tag3"
"1226",2015-11-10 09:52:15,"batt",2.98715252620409,"Tag3"
"1227",2015-11-10 09:53:18,"batt",2.98715726320972,"Tag3"
"1228",2015-11-10 09:54:21,"batt",2.98715726320972,"Tag3"
"1229",2015-11-10 09:55:14,"batt",2.98715252620409,"Tag3"
"1230",2015-11-10 09:55:58,"batt",2.98715252620409,"Tag3"
"1231",2015-11-10 09:56:59,"batt",2.98715252620409,"Tag3"
"1232",2015-11-10 09:57:59,"batt",2.98714778919847,"Tag3"
"1233",2015-11-10 09:59:00,"batt",2.98714305219285,"Tag3"
"1234",2015-11-10 09:59:57,"batt",2.98713357818161,"Tag3"
"1235",2015-11-10 10:01:00,"batt",2.98712884117598,"Tag3"
"1236",2015-11-10 10:02:00,"batt",2.98712410417036,"Tag3"
"1237",2015-11-10 10:02:56,"batt",2.98712884117598,"Tag3"
"1238",2015-11-10 10:03:59,"batt",2.98712410417036,"Tag3"
"1239",2015-11-10 10:04:46,"batt",2.97033779768629,"Tag3"
"1240",2015-11-10 10:05:38,"batt",2.98711463015912,"Tag3"
"1241",2015-11-10 10:06:40,"batt",2.9871098931535,"Tag3"
"1242",2015-11-10 10:07:38,"batt",2.98711463015912,"Tag3"
"1243",2015-11-10 10:08:32,"batt",2.98711463015912,"Tag3"
"1244",2015-11-10 10:09:30,"batt",2.9871098931535,"Tag3"
"1245",2015-11-10 10:10:30,"batt",2.9871098931535,"Tag3"
"1246",2015-11-10 10:11:18,"batt",2.9703236665066,"Tag3"
"1247",2015-11-10 10:12:07,"batt",2.98709568213663,"Tag3"
"1248",2015-11-10 10:13:09,"batt",2.98709094513101,"Tag3"
"1249",2015-11-10 10:14:08,"batt",2.98708620812539,"Tag3"
"1250",2015-11-10 10:15:03,"batt",2.98708147111977,"Tag3"
"1251",2015-11-10 10:16:06,"batt",2.98707673411415,"Tag3"
"1252",2015-11-10 10:16:59,"batt",2.9870672601029,"Tag3"
"1253",2015-11-10 10:17:45,"batt",2.98707199710852,"Tag3"
"1254",2015-11-10 10:18:45,"batt",2.9870530482436,"Tag3"
"1255",2015-11-10 10:19:45,"batt",2.98704357423236,"Tag3"
"1256",2015-11-10 10:20:43,"batt",2.98704357423236,"Tag3"
"1257",2015-11-10 10:21:37,"batt",2.98703410022112,"Tag3"
"1258",2015-11-10 10:22:39,"batt",2.9870293632155,"Tag3"
"1259",2015-11-10 10:23:42,"batt",2.98701988920425,"Tag3"
"1260",2015-11-10 10:24:43,"batt",2.98701515219863,"Tag3"
"1261",2015-11-10 10:25:45,"batt",2.98701041519301,"Tag3"
"1262",2015-11-10 10:26:40,"batt",2.98699620417614,"Tag3"
"1263",2015-11-10 10:27:40,"batt",2.9869867301649,"Tag3"
"1264",2015-11-10 10:28:41,"batt",2.98698199315928,"Tag3"
"1265",2015-11-10 10:29:38,"batt",2.98697725615366,"Tag3"
"1266",2015-11-10 10:30:31,"batt",2.98696778214241,"Tag3"
"1267",2015-11-10 10:31:28,"batt",2.98695830813117,"Tag3"
"1268",2015-11-10 10:32:21,"batt",2.98693935926625,"Tag3"
"1269",2015-11-10 10:33:11,"batt",2.98693462226063,"Tag3"
"1270",2015-11-10 10:33:52,"batt",2.98692988525501,"Tag3"
"1271",2015-11-10 10:34:54,"batt",2.98692514824938,"Tag3"
"1272",2015-11-10 10:35:51,"batt",2.98691093723252,"Tag3"
"1273",2015-11-10 10:36:54,"batt",2.9869062002269,"Tag3"
"1274",2015-11-10 10:37:43,"batt",2.98689672621565,"Tag3"
"1275",2015-11-10 10:38:46,"batt",2.98689198921003,"Tag3"
"1276",2015-11-10 10:39:48,"batt",2.98688251519879,"Tag3"
"1277",2015-11-10 10:40:46,"batt",2.98687304118755,"Tag3"
"1278",2015-11-10 10:41:49,"batt",2.98686830418192,"Tag3"
"1279",2015-11-10 10:42:50,"batt",2.98685409316506,"Tag3"
"1280",2015-11-10 10:43:49,"batt",2.98685409316506,"Tag3"
"1281",2015-11-10 10:44:42,"batt",2.98684461915382,"Tag3"
"1282",2015-11-10 10:45:45,"batt",2.98683988214819,"Tag3"
"1283",2015-11-10 10:46:48,"batt",2.98682567113133,"Tag3"
"1284",2015-11-10 10:47:50,"batt",2.98681619627765,"Tag3"
"1285",2015-11-10 10:48:49,"batt",2.98680672226641,"Tag3"
"1286",2015-11-10 10:49:39,"batt",2.98680672226641,"Tag3"
"1287",2015-11-10 10:50:39,"batt",2.98679724825516,"Tag3"
"1288",2015-11-10 10:51:34,"batt",2.98678777424392,"Tag3"
"1289",2015-11-10 10:52:31,"batt",2.98677830023268,"Tag3"
"1290",2015-11-10 10:53:26,"batt",2.98677830023268,"Tag3"
"1291",2015-11-10 10:54:28,"batt",2.98677356322706,"Tag3"
"1292",2015-11-10 10:55:31,"batt",2.98676408921581,"Tag3"
"1293",2015-11-10 10:56:34,"batt",2.98675461520457,"Tag3"
"1294",2015-11-10 10:57:36,"batt",2.98674514119333,"Tag3"
"1295",2015-11-10 10:58:39,"batt",2.9867404041877,"Tag3"
"1296",2015-11-10 10:59:41,"batt",2.98673093017646,"Tag3"
"1297",2015-11-10 11:00:40,"batt",2.98672145616522,"Tag3"
"1298",2015-11-10 11:01:43,"batt",2.98672619317084,"Tag3"
"1299",2015-11-10 11:02:40,"batt",2.98672145616522,"Tag3"
"1300",2015-11-10 11:03:42,"batt",2.98671198215397,"Tag3"
"1301",2015-11-10 11:04:43,"batt",2.98670724514835,"Tag3"
"1302",2015-11-10 11:05:42,"batt",2.98669777029467,"Tag3"
"1303",2015-11-10 11:06:44,"batt",2.98668829628343,"Tag3"
"1304",2015-11-10 11:07:46,"batt",2.98668829628343,"Tag3"
"1305",2015-11-10 11:08:48,"batt",2.98668829628343,"Tag3"
"1306",2015-11-10 11:09:38,"batt",2.98668355927781,"Tag3"
"1307",2015-11-10 11:10:37,"batt",2.98667408526657,"Tag3"
"1308",2015-11-10 11:11:32,"batt",2.98667408526657,"Tag3"
"1309",2015-11-10 11:12:34,"batt",2.98666934826094,"Tag3"
"1310",2015-11-10 11:13:35,"batt",2.98666461125532,"Tag3"
"1311",2015-11-10 11:14:24,"batt",2.98665513724408,"Tag3"
"1312",2015-11-10 11:15:25,"batt",2.98665513724408,"Tag3"
"1313",2015-11-10 11:16:16,"batt",2.98665040023846,"Tag3"
"1314",2015-11-10 11:17:10,"batt",2.98664566323284,"Tag3"
"1315",2015-11-10 11:18:03,"batt",2.98664092622721,"Tag3"
"1316",2015-11-10 11:18:59,"batt",2.98664566323284,"Tag3"
"1317",2015-11-10 11:20:00,"batt",2.98663618922159,"Tag3"
"1318",2015-11-10 11:21:02,"batt",2.98662671521035,"Tag3"
"1319",2015-11-10 11:21:47,"batt",2.98662671521035,"Tag3"
"1320",2015-11-10 11:22:38,"batt",2.98662197820473,"Tag3"
"1321",2015-11-10 11:23:41,"batt",2.98662197820473,"Tag3"
"1322",2015-11-10 11:24:33,"batt",2.98661724119911,"Tag3"
"1323",2015-11-10 11:25:35,"batt",2.98660776718786,"Tag3"
"1324",2015-11-10 11:26:36,"batt",2.98660776718786,"Tag3"
"1325",2015-11-10 11:27:38,"batt",2.98659829317662,"Tag3"
"1326",2015-11-10 11:28:37,"batt",2.986593556171,"Tag3"
"1327",2015-11-10 11:29:40,"batt",2.98658881916538,"Tag3"
"1328",2015-11-10 11:30:42,"batt",2.98658881916538,"Tag3"
"1329",2015-11-10 11:31:43,"batt",2.98658881916538,"Tag3"
"1330",2015-11-10 11:32:42,"batt",2.9865793443117,"Tag3"
"1331",2015-11-10 11:33:34,"batt",2.9865793443117,"Tag3"
"1332",2015-11-10 11:34:36,"batt",2.9865793443117,"Tag3"
"1333",2015-11-10 11:35:33,"batt",2.98656987030046,"Tag3"
"1334",2015-11-10 11:36:31,"batt",2.98656513329483,"Tag3"
"1335",2015-11-10 11:37:33,"batt",2.98656513329483,"Tag3"
"1336",2015-11-10 11:38:35,"batt",2.98656513329483,"Tag3"
"1337",2015-11-10 11:39:38,"batt",2.98655565928359,"Tag3"
"1338",2015-11-10 11:40:35,"batt",2.98655565928359,"Tag3"
"1339",2015-11-10 11:41:33,"batt",2.98655092227797,"Tag3"
"1340",2015-11-10 11:42:36,"batt",2.98655092227797,"Tag3"
"1341",2015-11-10 11:43:33,"batt",2.98655565928359,"Tag3"
